t,k,dt,nsteps,cutoff,D_k,D_max,hit_maxdim,t_build_s
0.0,0,1.5,14,1.0e-6,1,11,false,42.386487896
1.5,1,1.5,14,1.0e-6,10,11,false,42.386487896
3.0,2,1.5,14,1.0e-6,10,11,false,42.386487896
4.5,3,1.5,14,1.0e-6,10,11,false,42.386487896
6.0,4,1.5,14,1.0e-6,11,11,false,42.386487896
7.5,5,1.5,14,1.0e-6,11,11,false,42.386487896
9.0,6,1.5,14,1.0e-6,11,11,false,42.386487896
10.5,7,1.5,14,1.0e-6,11,11,false,42.386487896
12.0,8,1.5,14,1.0e-6,11,11,false,42.386487896
13.5,9,1.5,14,1.0e-6,10,11,false,42.386487896
15.0,10,1.5,14,1.0e-6,10,11,false,42.386487896
16.5,11,1.5,14,1.0e-6,10,11,false,42.386487896
18.0,12,1.5,14,1.0e-6,10,11,false,42.386487896
19.5,13,1.5,14,1.0e-6,10,11,false,42.386487896
21.0,14,1.5,14,1.0e-6,1,11,false,42.386487896
0.0,0,1.5,14,1.0e-8,1,37,false,19.375536548
1.5,1,1.5,14,1.0e-8,16,37,false,19.375536548
3.0,2,1.5,14,1.0e-8,30,37,false,19.375536548
4.5,3,1.5,14,1.0e-8,37,37,false,19.375536548
6.0,4,1.5,14,1.0e-8,37,37,false,19.375536548
7.5,5,1.5,14,1.0e-8,37,37,false,19.375536548
9.0,6,1.5,14,1.0e-8,37,37,false,19.375536548
10.5,7,1.5,14,1.0e-8,37,37,false,19.375536548
12.0,8,1.5,14,1.0e-8,37,37,false,19.375536548
13.5,9,1.5,14,1.0e-8,37,37,false,19.375536548
15.0,10,1.5,14,1.0e-8,37,37,false,19.375536548
16.5,11,1.5,14,1.0e-8,29,37,false,19.375536548
18.0,12,1.5,14,1.0e-8,21,37,false,19.375536548
19.5,13,1.5,14,1.0e-8,10,37,false,19.375536548
21.0,14,1.5,14,1.0e-8,1,37,false,19.375536548
0.0,0,1.5,14,1.0e-10,1,68,false,65.597221053
1.5,1,1.5,14,1.0e-10,16,68,false,65.597221053
3.0,2,1.5,14,1.0e-10,61,68,false,65.597221053
4.5,3,1.5,14,1.0e-10,66,68,false,65.597221053
6.0,4,1.5,14,1.0e-10,67,68,false,65.597221053
7.5,5,1.5,14,1.0e-10,68,68,false,65.597221053
9.0,6,1.5,14,1.0e-10,68,68,false,65.597221053
10.5,7,1.5,14,1.0e-10,68,68,false,65.597221053
12.0,8,1.5,14,1.0e-10,68,68,false,65.597221053
13.5,9,1.5,14,1.0e-10,68,68,false,65.597221053
15.0,10,1.5,14,1.0e-10,68,68,false,65.597221053
16.5,11,1.5,14,1.0e-10,63,68,false,65.597221053
18.0,12,1.5,14,1.0e-10,44,68,false,65.597221053
19.5,13,1.5,14,1.0e-10,13,68,false,65.597221053
21.0,14,1.5,14,1.0e-10,1,68,false,65.597221053
0.0,0,1.5,14,1.0e-12,1,130,false,198.899974738
1.5,1,1.5,14,1.0e-12,16,130,false,198.899974738
3.0,2,1.5,14,1.0e-12,95,130,false,198.899974738
4.5,3,1.5,14,1.0e-12,118,130,false,198.899974738
6.0,4,1.5,14,1.0e-12,126,130,false,198.899974738
7.5,5,1.5,14,1.0e-12,130,130,false,198.899974738
9.0,6,1.5,14,1.0e-12,130,130,false,198.899974738
10.5,7,1.5,14,1.0e-12,128,130,false,198.899974738
12.0,8,1.5,14,1.0e-12,125,130,false,198.899974738
13.5,9,1.5,14,1.0e-12,123,130,false,198.899974738
15.0,10,1.5,14,1.0e-12,119,130,false,198.899974738
16.5,11,1.5,14,1.0e-12,107,130,false,198.899974738
18.0,12,1.5,14,1.0e-12,62,130,false,198.899974738
19.5,13,1.5,14,1.0e-12,13,130,false,198.899974738
21.0,14,1.5,14,1.0e-12,1,130,false,198.899974738
0.0,0,0.5,42,1.0e-6,1,10,false,6.099763325
0.5,1,0.5,42,1.0e-6,8,10,false,6.099763325
1.0,2,0.5,42,1.0e-6,9,10,false,6.099763325
1.5,3,0.5,42,1.0e-6,10,10,false,6.099763325
2.0,4,0.5,42,1.0e-6,10,10,false,6.099763325
2.5,5,0.5,42,1.0e-6,10,10,false,6.099763325
3.0,6,0.5,42,1.0e-6,10,10,false,6.099763325
3.5,7,0.5,42,1.0e-6,10,10,false,6.099763325
4.0,8,0.5,42,1.0e-6,10,10,false,6.099763325
4.5,9,0.5,42,1.0e-6,10,10,false,6.099763325
5.0,10,0.5,42,1.0e-6,10,10,false,6.099763325
5.5,11,0.5,42,1.0e-6,10,10,false,6.099763325
6.0,12,0.5,42,1.0e-6,10,10,false,6.099763325
6.5,13,0.5,42,1.0e-6,10,10,false,6.099763325
7.0,14,0.5,42,1.0e-6,10,10,false,6.099763325
7.5,15,0.5,42,1.0e-6,10,10,false,6.099763325
8.0,16,0.5,42,1.0e-6,10,10,false,6.099763325
8.5,17,0.5,42,1.0e-6,10,10,false,6.099763325
9.0,18,0.5,42,1.0e-6,10,10,false,6.099763325
9.5,19,0.5,42,1.0e-6,10,10,false,6.099763325
10.0,20,0.5,42,1.0e-6,10,10,false,6.099763325
10.5,21,0.5,42,1.0e-6,10,10,false,6.099763325
11.0,22,0.5,42,1.0e-6,10,10,false,6.099763325
11.5,23,0.5,42,1.0e-6,10,10,false,6.099763325
12.0,24,0.5,42,1.0e-6,10,10,false,6.099763325
12.5,25,0.5,42,1.0e-6,10,10,false,6.099763325
13.0,26,0.5,42,1.0e-6,10,10,false,6.099763325
13.5,27,0.5,42,1.0e-6,10,10,false,6.099763325
14.0,28,0.5,42,1.0e-6,10,10,false,6.099763325
14.5,29,0.5,42,1.0e-6,10,10,false,6.099763325
15.0,30,0.5,42,1.0e-6,10,10,false,6.099763325
15.5,31,0.5,42,1.0e-6,10,10,false,6.099763325
16.0,32,0.5,42,1.0e-6,10,10,false,6.099763325
16.5,33,0.5,42,1.0e-6,10,10,false,6.099763325
17.0,34,0.5,42,1.0e-6,10,10,false,6.099763325
17.5,35,0.5,42,1.0e-6,10,10,false,6.099763325
18.0,36,0.5,42,1.0e-6,10,10,false,6.099763325
18.5,37,0.5,42,1.0e-6,10,10,false,6.099763325
19.0,38,0.5,42,1.0e-6,9,10,false,6.099763325
19.5,39,0.5,42,1.0e-6,7,10,false,6.099763325
20.0,40,0.5,42,1.0e-6,4,10,false,6.099763325
20.5,41,0.5,42,1.0e-6,4,10,false,6.099763325
21.0,42,0.5,42,1.0e-6,1,10,false,6.099763325
0.0,0,0.5,42,1.0e-8,1,22,false,28.123669963
0.5,1,0.5,42,1.0e-8,13,22,false,28.123669963
1.0,2,0.5,42,1.0e-8,17,22,false,28.123669963
1.5,3,0.5,42,1.0e-8,19,22,false,28.123669963
2.0,4,0.5,42,1.0e-8,20,22,false,28.123669963
2.5,5,0.5,42,1.0e-8,20,22,false,28.123669963
3.0,6,0.5,42,1.0e-8,21,22,false,28.123669963
3.5,7,0.5,42,1.0e-8,21,22,false,28.123669963
4.0,8,0.5,42,1.0e-8,21,22,false,28.123669963
4.5,9,0.5,42,1.0e-8,21,22,false,28.123669963
5.0,10,0.5,42,1.0e-8,21,22,false,28.123669963
5.5,11,0.5,42,1.0e-8,21,22,false,28.123669963
6.0,12,0.5,42,1.0e-8,22,22,false,28.123669963
6.5,13,0.5,42,1.0e-8,22,22,false,28.123669963
7.0,14,0.5,42,1.0e-8,22,22,false,28.123669963
7.5,15,0.5,42,1.0e-8,22,22,false,28.123669963
8.0,16,0.5,42,1.0e-8,22,22,false,28.123669963
8.5,17,0.5,42,1.0e-8,22,22,false,28.123669963
9.0,18,0.5,42,1.0e-8,22,22,false,28.123669963
9.5,19,0.5,42,1.0e-8,22,22,false,28.123669963
10.0,20,0.5,42,1.0e-8,22,22,false,28.123669963
10.5,21,0.5,42,1.0e-8,22,22,false,28.123669963
11.0,22,0.5,42,1.0e-8,22,22,false,28.123669963
11.5,23,0.5,42,1.0e-8,22,22,false,28.123669963
12.0,24,0.5,42,1.0e-8,22,22,false,28.123669963
12.5,25,0.5,42,1.0e-8,22,22,false,28.123669963
13.0,26,0.5,42,1.0e-8,22,22,false,28.123669963
13.5,27,0.5,42,1.0e-8,22,22,false,28.123669963
14.0,28,0.5,42,1.0e-8,22,22,false,28.123669963
14.5,29,0.5,42,1.0e-8,22,22,false,28.123669963
15.0,30,0.5,42,1.0e-8,22,22,false,28.123669963
15.5,31,0.5,42,1.0e-8,21,22,false,28.123669963
16.0,32,0.5,42,1.0e-8,21,22,false,28.123669963
16.5,33,0.5,42,1.0e-8,21,22,false,28.123669963
17.0,34,0.5,42,1.0e-8,21,22,false,28.123669963
17.5,35,0.5,42,1.0e-8,21,22,false,28.123669963
18.0,36,0.5,42,1.0e-8,20,22,false,28.123669963
18.5,37,0.5,42,1.0e-8,17,22,false,28.123669963
19.0,38,0.5,42,1.0e-8,12,22,false,28.123669963
19.5,39,0.5,42,1.0e-8,10,22,false,28.123669963
20.0,40,0.5,42,1.0e-8,10,22,false,28.123669963
20.5,41,0.5,42,1.0e-8,10,22,false,28.123669963
21.0,42,0.5,42,1.0e-8,1,22,false,28.123669963
0.0,0,0.5,42,1.0e-10,1,39,false,79.040852537
0.5,1,0.5,42,1.0e-10,16,39,false,79.040852537
1.0,2,0.5,42,1.0e-10,30,39,false,79.040852537
1.5,3,0.5,42,1.0e-10,33,39,false,79.040852537
2.0,4,0.5,42,1.0e-10,35,39,false,79.040852537
2.5,5,0.5,42,1.0e-10,36,39,false,79.040852537
3.0,6,0.5,42,1.0e-10,36,39,false,79.040852537
3.5,7,0.5,42,1.0e-10,37,39,false,79.040852537
4.0,8,0.5,42,1.0e-10,37,39,false,79.040852537
4.5,9,0.5,42,1.0e-10,37,39,false,79.040852537
5.0,10,0.5,42,1.0e-10,37,39,false,79.040852537
5.5,11,0.5,42,1.0e-10,37,39,false,79.040852537
6.0,12,0.5,42,1.0e-10,37,39,false,79.040852537
6.5,13,0.5,42,1.0e-10,37,39,false,79.040852537
7.0,14,0.5,42,1.0e-10,38,39,false,79.040852537
7.5,15,0.5,42,1.0e-10,39,39,false,79.040852537
8.0,16,0.5,42,1.0e-10,39,39,false,79.040852537
8.5,17,0.5,42,1.0e-10,39,39,false,79.040852537
9.0,18,0.5,42,1.0e-10,39,39,false,79.040852537
9.5,19,0.5,42,1.0e-10,39,39,false,79.040852537
10.0,20,0.5,42,1.0e-10,39,39,false,79.040852537
10.5,21,0.5,42,1.0e-10,39,39,false,79.040852537
11.0,22,0.5,42,1.0e-10,39,39,false,79.040852537
11.5,23,0.5,42,1.0e-10,39,39,false,79.040852537
12.0,24,0.5,42,1.0e-10,39,39,false,79.040852537
12.5,25,0.5,42,1.0e-10,39,39,false,79.040852537
13.0,26,0.5,42,1.0e-10,39,39,false,79.040852537
13.5,27,0.5,42,1.0e-10,39,39,false,79.040852537
14.0,28,0.5,42,1.0e-10,39,39,false,79.040852537
14.5,29,0.5,42,1.0e-10,39,39,false,79.040852537
15.0,30,0.5,42,1.0e-10,39,39,false,79.040852537
15.5,31,0.5,42,1.0e-10,39,39,false,79.040852537
16.0,32,0.5,42,1.0e-10,39,39,false,79.040852537
16.5,33,0.5,42,1.0e-10,38,39,false,79.040852537
17.0,34,0.5,42,1.0e-10,38,39,false,79.040852537
17.5,35,0.5,42,1.0e-10,36,39,false,79.040852537
18.0,36,0.5,42,1.0e-10,33,39,false,79.040852537
18.5,37,0.5,42,1.0e-10,27,39,false,79.040852537
19.0,38,0.5,42,1.0e-10,22,39,false,79.040852537
19.5,39,0.5,42,1.0e-10,21,39,false,79.040852537
20.0,40,0.5,42,1.0e-10,20,39,false,79.040852537
20.5,41,0.5,42,1.0e-10,10,39,false,79.040852537
21.0,42,0.5,42,1.0e-10,1,39,false,79.040852537
0.0,0,0.5,42,1.0e-12,1,69,false,197.19392761
0.5,1,0.5,42,1.0e-12,16,69,false,197.19392761
1.0,2,0.5,42,1.0e-12,49,69,false,197.19392761
1.5,3,0.5,42,1.0e-12,56,69,false,197.19392761
2.0,4,0.5,42,1.0e-12,60,69,false,197.19392761
2.5,5,0.5,42,1.0e-12,62,69,false,197.19392761
3.0,6,0.5,42,1.0e-12,64,69,false,197.19392761
3.5,7,0.5,42,1.0e-12,65,69,false,197.19392761
4.0,8,0.5,42,1.0e-12,66,69,false,197.19392761
4.5,9,0.5,42,1.0e-12,66,69,false,197.19392761
5.0,10,0.5,42,1.0e-12,66,69,false,197.19392761
5.5,11,0.5,42,1.0e-12,67,69,false,197.19392761
6.0,12,0.5,42,1.0e-12,67,69,false,197.19392761
6.5,13,0.5,42,1.0e-12,67,69,false,197.19392761
7.0,14,0.5,42,1.0e-12,67,69,false,197.19392761
7.5,15,0.5,42,1.0e-12,67,69,false,197.19392761
8.0,16,0.5,42,1.0e-12,67,69,false,197.19392761
8.5,17,0.5,42,1.0e-12,67,69,false,197.19392761
9.0,18,0.5,42,1.0e-12,68,69,false,197.19392761
9.5,19,0.5,42,1.0e-12,68,69,false,197.19392761
10.0,20,0.5,42,1.0e-12,68,69,false,197.19392761
10.5,21,0.5,42,1.0e-12,69,69,false,197.19392761
11.0,22,0.5,42,1.0e-12,69,69,false,197.19392761
11.5,23,0.5,42,1.0e-12,69,69,false,197.19392761
12.0,24,0.5,42,1.0e-12,69,69,false,197.19392761
12.5,25,0.5,42,1.0e-12,69,69,false,197.19392761
13.0,26,0.5,42,1.0e-12,69,69,false,197.19392761
13.5,27,0.5,42,1.0e-12,69,69,false,197.19392761
14.0,28,0.5,42,1.0e-12,69,69,false,197.19392761
14.5,29,0.5,42,1.0e-12,69,69,false,197.19392761
15.0,30,0.5,42,1.0e-12,69,69,false,197.19392761
15.5,31,0.5,42,1.0e-12,67,69,false,197.19392761
16.0,32,0.5,42,1.0e-12,67,69,false,197.19392761
16.5,33,0.5,42,1.0e-12,65,69,false,197.19392761
17.0,34,0.5,42,1.0e-12,63,69,false,197.19392761
17.5,35,0.5,42,1.0e-12,58,69,false,197.19392761
18.0,36,0.5,42,1.0e-12,53,69,false,197.19392761
18.5,37,0.5,42,1.0e-12,46,69,false,197.19392761
19.0,38,0.5,42,1.0e-12,43,69,false,197.19392761
19.5,39,0.5,42,1.0e-12,41,69,false,197.19392761
20.0,40,0.5,42,1.0e-12,39,69,false,197.19392761
20.5,41,0.5,42,1.0e-12,13,69,false,197.19392761
21.0,42,0.5,42,1.0e-12,1,69,false,197.19392761
0.0,0,0.2,105,1.0e-6,1,4,false,3.312022058
0.2,1,0.2,105,1.0e-6,4,4,false,3.312022058
0.4,2,0.2,105,1.0e-6,4,4,false,3.312022058
0.6,3,0.2,105,1.0e-6,4,4,false,3.312022058
0.8,4,0.2,105,1.0e-6,4,4,false,3.312022058
1.0,5,0.2,105,1.0e-6,4,4,false,3.312022058
1.2,6,0.2,105,1.0e-6,4,4,false,3.312022058
1.4,7,0.2,105,1.0e-6,4,4,false,3.312022058
1.6,8,0.2,105,1.0e-6,4,4,false,3.312022058
1.8,9,0.2,105,1.0e-6,4,4,false,3.312022058
2.0,10,0.2,105,1.0e-6,4,4,false,3.312022058
2.2,11,0.2,105,1.0e-6,4,4,false,3.312022058
2.4,12,0.2,105,1.0e-6,4,4,false,3.312022058
2.6,13,0.2,105,1.0e-6,4,4,false,3.312022058
2.8,14,0.2,105,1.0e-6,4,4,false,3.312022058
3.0,15,0.2,105,1.0e-6,4,4,false,3.312022058
3.2,16,0.2,105,1.0e-6,4,4,false,3.312022058
3.4,17,0.2,105,1.0e-6,4,4,false,3.312022058
3.6,18,0.2,105,1.0e-6,4,4,false,3.312022058
3.8,19,0.2,105,1.0e-6,4,4,false,3.312022058
4.0,20,0.2,105,1.0e-6,4,4,false,3.312022058
4.2,21,0.2,105,1.0e-6,4,4,false,3.312022058
4.4,22,0.2,105,1.0e-6,4,4,false,3.312022058
4.6,23,0.2,105,1.0e-6,4,4,false,3.312022058
4.8,24,0.2,105,1.0e-6,4,4,false,3.312022058
5.0,25,0.2,105,1.0e-6,4,4,false,3.312022058
5.2,26,0.2,105,1.0e-6,4,4,false,3.312022058
5.4,27,0.2,105,1.0e-6,4,4,false,3.312022058
5.6,28,0.2,105,1.0e-6,4,4,false,3.312022058
5.8,29,0.2,105,1.0e-6,4,4,false,3.312022058
6.0,30,0.2,105,1.0e-6,4,4,false,3.312022058
6.2,31,0.2,105,1.0e-6,4,4,false,3.312022058
6.4,32,0.2,105,1.0e-6,4,4,false,3.312022058
6.6,33,0.2,105,1.0e-6,4,4,false,3.312022058
6.8,34,0.2,105,1.0e-6,4,4,false,3.312022058
7.0,35,0.2,105,1.0e-6,4,4,false,3.312022058
7.2,36,0.2,105,1.0e-6,4,4,false,3.312022058
7.4,37,0.2,105,1.0e-6,4,4,false,3.312022058
7.6,38,0.2,105,1.0e-6,4,4,false,3.312022058
7.8,39,0.2,105,1.0e-6,4,4,false,3.312022058
8.0,40,0.2,105,1.0e-6,4,4,false,3.312022058
8.2,41,0.2,105,1.0e-6,4,4,false,3.312022058
8.4,42,0.2,105,1.0e-6,4,4,false,3.312022058
8.6,43,0.2,105,1.0e-6,4,4,false,3.312022058
8.8,44,0.2,105,1.0e-6,4,4,false,3.312022058
9.0,45,0.2,105,1.0e-6,4,4,false,3.312022058
9.2,46,0.2,105,1.0e-6,4,4,false,3.312022058
9.4,47,0.2,105,1.0e-6,4,4,false,3.312022058
9.6,48,0.2,105,1.0e-6,4,4,false,3.312022058
9.8,49,0.2,105,1.0e-6,4,4,false,3.312022058
10.0,50,0.2,105,1.0e-6,4,4,false,3.312022058
10.2,51,0.2,105,1.0e-6,4,4,false,3.312022058
10.4,52,0.2,105,1.0e-6,4,4,false,3.312022058
10.6,53,0.2,105,1.0e-6,4,4,false,3.312022058
10.8,54,0.2,105,1.0e-6,4,4,false,3.312022058
11.0,55,0.2,105,1.0e-6,4,4,false,3.312022058
11.2,56,0.2,105,1.0e-6,4,4,false,3.312022058
11.4,57,0.2,105,1.0e-6,4,4,false,3.312022058
11.6,58,0.2,105,1.0e-6,4,4,false,3.312022058
11.8,59,0.2,105,1.0e-6,4,4,false,3.312022058
12.0,60,0.2,105,1.0e-6,4,4,false,3.312022058
12.2,61,0.2,105,1.0e-6,4,4,false,3.312022058
12.4,62,0.2,105,1.0e-6,4,4,false,3.312022058
12.6,63,0.2,105,1.0e-6,4,4,false,3.312022058
12.8,64,0.2,105,1.0e-6,4,4,false,3.312022058
13.0,65,0.2,105,1.0e-6,4,4,false,3.312022058
13.2,66,0.2,105,1.0e-6,4,4,false,3.312022058
13.4,67,0.2,105,1.0e-6,4,4,false,3.312022058
13.6,68,0.2,105,1.0e-6,4,4,false,3.312022058
13.8,69,0.2,105,1.0e-6,4,4,false,3.312022058
14.0,70,0.2,105,1.0e-6,4,4,false,3.312022058
14.2,71,0.2,105,1.0e-6,4,4,false,3.312022058
14.4,72,0.2,105,1.0e-6,4,4,false,3.312022058
14.6,73,0.2,105,1.0e-6,4,4,false,3.312022058
14.8,74,0.2,105,1.0e-6,4,4,false,3.312022058
15.0,75,0.2,105,1.0e-6,4,4,false,3.312022058
15.2,76,0.2,105,1.0e-6,4,4,false,3.312022058
15.4,77,0.2,105,1.0e-6,4,4,false,3.312022058
15.6,78,0.2,105,1.0e-6,4,4,false,3.312022058
15.8,79,0.2,105,1.0e-6,4,4,false,3.312022058
16.0,80,0.2,105,1.0e-6,4,4,false,3.312022058
16.2,81,0.2,105,1.0e-6,4,4,false,3.312022058
16.4,82,0.2,105,1.0e-6,4,4,false,3.312022058
16.6,83,0.2,105,1.0e-6,4,4,false,3.312022058
16.8,84,0.2,105,1.0e-6,4,4,false,3.312022058
17.0,85,0.2,105,1.0e-6,4,4,false,3.312022058
17.2,86,0.2,105,1.0e-6,4,4,false,3.312022058
17.4,87,0.2,105,1.0e-6,4,4,false,3.312022058
17.6,88,0.2,105,1.0e-6,4,4,false,3.312022058
17.8,89,0.2,105,1.0e-6,4,4,false,3.312022058
18.0,90,0.2,105,1.0e-6,4,4,false,3.312022058
18.2,91,0.2,105,1.0e-6,4,4,false,3.312022058
18.4,92,0.2,105,1.0e-6,4,4,false,3.312022058
18.6,93,0.2,105,1.0e-6,4,4,false,3.312022058
18.8,94,0.2,105,1.0e-6,4,4,false,3.312022058
19.0,95,0.2,105,1.0e-6,4,4,false,3.312022058
19.2,96,0.2,105,1.0e-6,4,4,false,3.312022058
19.4,97,0.2,105,1.0e-6,4,4,false,3.312022058
19.6,98,0.2,105,1.0e-6,4,4,false,3.312022058
19.8,99,0.2,105,1.0e-6,4,4,false,3.312022058
20.0,100,0.2,105,1.0e-6,4,4,false,3.312022058
20.2,101,0.2,105,1.0e-6,4,4,false,3.312022058
20.4,102,0.2,105,1.0e-6,4,4,false,3.312022058
20.6,103,0.2,105,1.0e-6,4,4,false,3.312022058
20.8,104,0.2,105,1.0e-6,4,4,false,3.312022058
21.0,105,0.2,105,1.0e-6,1,4,false,3.312022058
0.0,0,0.2,105,1.0e-8,1,11,false,26.864092367
0.2,1,0.2,105,1.0e-8,10,11,false,26.864092367
0.4,2,0.2,105,1.0e-8,10,11,false,26.864092367
0.6,3,0.2,105,1.0e-8,10,11,false,26.864092367
0.8,4,0.2,105,1.0e-8,11,11,false,26.864092367
1.0,5,0.2,105,1.0e-8,11,11,false,26.864092367
1.2,6,0.2,105,1.0e-8,11,11,false,26.864092367
1.4,7,0.2,105,1.0e-8,11,11,false,26.864092367
1.6,8,0.2,105,1.0e-8,11,11,false,26.864092367
1.8,9,0.2,105,1.0e-8,11,11,false,26.864092367
2.0,10,0.2,105,1.0e-8,11,11,false,26.864092367
2.2,11,0.2,105,1.0e-8,11,11,false,26.864092367
2.4,12,0.2,105,1.0e-8,11,11,false,26.864092367
2.6,13,0.2,105,1.0e-8,11,11,false,26.864092367
2.8,14,0.2,105,1.0e-8,11,11,false,26.864092367
3.0,15,0.2,105,1.0e-8,11,11,false,26.864092367
3.2,16,0.2,105,1.0e-8,11,11,false,26.864092367
3.4,17,0.2,105,1.0e-8,11,11,false,26.864092367
3.6,18,0.2,105,1.0e-8,11,11,false,26.864092367
3.8,19,0.2,105,1.0e-8,11,11,false,26.864092367
4.0,20,0.2,105,1.0e-8,11,11,false,26.864092367
4.2,21,0.2,105,1.0e-8,11,11,false,26.864092367
4.4,22,0.2,105,1.0e-8,11,11,false,26.864092367
4.6,23,0.2,105,1.0e-8,11,11,false,26.864092367
4.8,24,0.2,105,1.0e-8,11,11,false,26.864092367
5.0,25,0.2,105,1.0e-8,11,11,false,26.864092367
5.2,26,0.2,105,1.0e-8,11,11,false,26.864092367
5.4,27,0.2,105,1.0e-8,11,11,false,26.864092367
5.6,28,0.2,105,1.0e-8,11,11,false,26.864092367
5.8,29,0.2,105,1.0e-8,11,11,false,26.864092367
6.0,30,0.2,105,1.0e-8,11,11,false,26.864092367
6.2,31,0.2,105,1.0e-8,11,11,false,26.864092367
6.4,32,0.2,105,1.0e-8,11,11,false,26.864092367
6.6,33,0.2,105,1.0e-8,11,11,false,26.864092367
6.8,34,0.2,105,1.0e-8,11,11,false,26.864092367
7.0,35,0.2,105,1.0e-8,11,11,false,26.864092367
7.2,36,0.2,105,1.0e-8,11,11,false,26.864092367
7.4,37,0.2,105,1.0e-8,11,11,false,26.864092367
7.6,38,0.2,105,1.0e-8,11,11,false,26.864092367
7.8,39,0.2,105,1.0e-8,11,11,false,26.864092367
8.0,40,0.2,105,1.0e-8,11,11,false,26.864092367
8.2,41,0.2,105,1.0e-8,11,11,false,26.864092367
8.4,42,0.2,105,1.0e-8,11,11,false,26.864092367
8.6,43,0.2,105,1.0e-8,11,11,false,26.864092367
8.8,44,0.2,105,1.0e-8,11,11,false,26.864092367
9.0,45,0.2,105,1.0e-8,10,11,false,26.864092367
9.2,46,0.2,105,1.0e-8,10,11,false,26.864092367
9.4,47,0.2,105,1.0e-8,10,11,false,26.864092367
9.6,48,0.2,105,1.0e-8,10,11,false,26.864092367
9.8,49,0.2,105,1.0e-8,10,11,false,26.864092367
10.0,50,0.2,105,1.0e-8,10,11,false,26.864092367
10.2,51,0.2,105,1.0e-8,10,11,false,26.864092367
10.4,52,0.2,105,1.0e-8,10,11,false,26.864092367
10.6,53,0.2,105,1.0e-8,10,11,false,26.864092367
10.8,54,0.2,105,1.0e-8,10,11,false,26.864092367
11.0,55,0.2,105,1.0e-8,10,11,false,26.864092367
11.2,56,0.2,105,1.0e-8,10,11,false,26.864092367
11.4,57,0.2,105,1.0e-8,10,11,false,26.864092367
11.6,58,0.2,105,1.0e-8,10,11,false,26.864092367
11.8,59,0.2,105,1.0e-8,10,11,false,26.864092367
12.0,60,0.2,105,1.0e-8,10,11,false,26.864092367
12.2,61,0.2,105,1.0e-8,10,11,false,26.864092367
12.4,62,0.2,105,1.0e-8,10,11,false,26.864092367
12.6,63,0.2,105,1.0e-8,10,11,false,26.864092367
12.8,64,0.2,105,1.0e-8,10,11,false,26.864092367
13.0,65,0.2,105,1.0e-8,10,11,false,26.864092367
13.2,66,0.2,105,1.0e-8,10,11,false,26.864092367
13.4,67,0.2,105,1.0e-8,10,11,false,26.864092367
13.6,68,0.2,105,1.0e-8,10,11,false,26.864092367
13.8,69,0.2,105,1.0e-8,10,11,false,26.864092367
14.0,70,0.2,105,1.0e-8,10,11,false,26.864092367
14.2,71,0.2,105,1.0e-8,10,11,false,26.864092367
14.4,72,0.2,105,1.0e-8,10,11,false,26.864092367
14.6,73,0.2,105,1.0e-8,10,11,false,26.864092367
14.8,74,0.2,105,1.0e-8,10,11,false,26.864092367
15.0,75,0.2,105,1.0e-8,10,11,false,26.864092367
15.2,76,0.2,105,1.0e-8,10,11,false,26.864092367
15.4,77,0.2,105,1.0e-8,10,11,false,26.864092367
15.6,78,0.2,105,1.0e-8,10,11,false,26.864092367
15.8,79,0.2,105,1.0e-8,10,11,false,26.864092367
16.0,80,0.2,105,1.0e-8,10,11,false,26.864092367
16.2,81,0.2,105,1.0e-8,10,11,false,26.864092367
16.4,82,0.2,105,1.0e-8,10,11,false,26.864092367
16.6,83,0.2,105,1.0e-8,10,11,false,26.864092367
16.8,84,0.2,105,1.0e-8,10,11,false,26.864092367
17.0,85,0.2,105,1.0e-8,10,11,false,26.864092367
17.2,86,0.2,105,1.0e-8,10,11,false,26.864092367
17.4,87,0.2,105,1.0e-8,10,11,false,26.864092367
17.6,88,0.2,105,1.0e-8,10,11,false,26.864092367
17.8,89,0.2,105,1.0e-8,10,11,false,26.864092367
18.0,90,0.2,105,1.0e-8,10,11,false,26.864092367
18.2,91,0.2,105,1.0e-8,10,11,false,26.864092367
18.4,92,0.2,105,1.0e-8,10,11,false,26.864092367
18.6,93,0.2,105,1.0e-8,10,11,false,26.864092367
18.8,94,0.2,105,1.0e-8,10,11,false,26.864092367
19.0,95,0.2,105,1.0e-8,10,11,false,26.864092367
19.2,96,0.2,105,1.0e-8,10,11,false,26.864092367
19.4,97,0.2,105,1.0e-8,10,11,false,26.864092367
19.6,98,0.2,105,1.0e-8,10,11,false,26.864092367
19.8,99,0.2,105,1.0e-8,10,11,false,26.864092367
20.0,100,0.2,105,1.0e-8,10,11,false,26.864092367
20.2,101,0.2,105,1.0e-8,10,11,false,26.864092367
20.4,102,0.2,105,1.0e-8,10,11,false,26.864092367
20.6,103,0.2,105,1.0e-8,10,11,false,26.864092367
20.8,104,0.2,105,1.0e-8,10,11,false,26.864092367
21.0,105,0.2,105,1.0e-8,1,11,false,26.864092367
0.0,0,0.2,105,1.0e-10,1,22,false,108.053939821
0.2,1,0.2,105,1.0e-10,16,22,false,108.053939821
0.4,2,0.2,105,1.0e-10,20,22,false,108.053939821
0.6,3,0.2,105,1.0e-10,20,22,false,108.053939821
0.8,4,0.2,105,1.0e-10,20,22,false,108.053939821
1.0,5,0.2,105,1.0e-10,21,22,false,108.053939821
1.2,6,0.2,105,1.0e-10,21,22,false,108.053939821
1.4,7,0.2,105,1.0e-10,21,22,false,108.053939821
1.6,8,0.2,105,1.0e-10,21,22,false,108.053939821
1.8,9,0.2,105,1.0e-10,21,22,false,108.053939821
2.0,10,0.2,105,1.0e-10,21,22,false,108.053939821
2.2,11,0.2,105,1.0e-10,21,22,false,108.053939821
2.4,12,0.2,105,1.0e-10,21,22,false,108.053939821
2.6,13,0.2,105,1.0e-10,21,22,false,108.053939821
2.8,14,0.2,105,1.0e-10,21,22,false,108.053939821
3.0,15,0.2,105,1.0e-10,21,22,false,108.053939821
3.2,16,0.2,105,1.0e-10,21,22,false,108.053939821
3.4,17,0.2,105,1.0e-10,21,22,false,108.053939821
3.6,18,0.2,105,1.0e-10,21,22,false,108.053939821
3.8,19,0.2,105,1.0e-10,22,22,false,108.053939821
4.0,20,0.2,105,1.0e-10,22,22,false,108.053939821
4.2,21,0.2,105,1.0e-10,22,22,false,108.053939821
4.4,22,0.2,105,1.0e-10,22,22,false,108.053939821
4.6,23,0.2,105,1.0e-10,22,22,false,108.053939821
4.8,24,0.2,105,1.0e-10,22,22,false,108.053939821
5.0,25,0.2,105,1.0e-10,22,22,false,108.053939821
5.2,26,0.2,105,1.0e-10,22,22,false,108.053939821
5.4,27,0.2,105,1.0e-10,22,22,false,108.053939821
5.6,28,0.2,105,1.0e-10,22,22,false,108.053939821
5.8,29,0.2,105,1.0e-10,22,22,false,108.053939821
6.0,30,0.2,105,1.0e-10,22,22,false,108.053939821
6.2,31,0.2,105,1.0e-10,22,22,false,108.053939821
6.4,32,0.2,105,1.0e-10,22,22,false,108.053939821
6.6,33,0.2,105,1.0e-10,22,22,false,108.053939821
6.8,34,0.2,105,1.0e-10,22,22,false,108.053939821
7.0,35,0.2,105,1.0e-10,22,22,false,108.053939821
7.2,36,0.2,105,1.0e-10,22,22,false,108.053939821
7.4,37,0.2,105,1.0e-10,22,22,false,108.053939821
7.6,38,0.2,105,1.0e-10,22,22,false,108.053939821
7.8,39,0.2,105,1.0e-10,22,22,false,108.053939821
8.0,40,0.2,105,1.0e-10,22,22,false,108.053939821
8.2,41,0.2,105,1.0e-10,22,22,false,108.053939821
8.4,42,0.2,105,1.0e-10,22,22,false,108.053939821
8.6,43,0.2,105,1.0e-10,22,22,false,108.053939821
8.8,44,0.2,105,1.0e-10,22,22,false,108.053939821
9.0,45,0.2,105,1.0e-10,22,22,false,108.053939821
9.2,46,0.2,105,1.0e-10,22,22,false,108.053939821
9.4,47,0.2,105,1.0e-10,22,22,false,108.053939821
9.6,48,0.2,105,1.0e-10,22,22,false,108.053939821
9.8,49,0.2,105,1.0e-10,22,22,false,108.053939821
10.0,50,0.2,105,1.0e-10,22,22,false,108.053939821
10.2,51,0.2,105,1.0e-10,22,22,false,108.053939821
10.4,52,0.2,105,1.0e-10,22,22,false,108.053939821
10.6,53,0.2,105,1.0e-10,22,22,false,108.053939821
10.8,54,0.2,105,1.0e-10,22,22,false,108.053939821
11.0,55,0.2,105,1.0e-10,22,22,false,108.053939821
11.2,56,0.2,105,1.0e-10,22,22,false,108.053939821
11.4,57,0.2,105,1.0e-10,22,22,false,108.053939821
11.6,58,0.2,105,1.0e-10,22,22,false,108.053939821
11.8,59,0.2,105,1.0e-10,22,22,false,108.053939821
12.0,60,0.2,105,1.0e-10,22,22,false,108.053939821
12.2,61,0.2,105,1.0e-10,22,22,false,108.053939821
12.4,62,0.2,105,1.0e-10,22,22,false,108.053939821
12.6,63,0.2,105,1.0e-10,22,22,false,108.053939821
12.8,64,0.2,105,1.0e-10,22,22,false,108.053939821
13.0,65,0.2,105,1.0e-10,22,22,false,108.053939821
13.2,66,0.2,105,1.0e-10,22,22,false,108.053939821
13.4,67,0.2,105,1.0e-10,22,22,false,108.053939821
13.6,68,0.2,105,1.0e-10,22,22,false,108.053939821
13.8,69,0.2,105,1.0e-10,22,22,false,108.053939821
14.0,70,0.2,105,1.0e-10,22,22,false,108.053939821
14.2,71,0.2,105,1.0e-10,22,22,false,108.053939821
14.4,72,0.2,105,1.0e-10,22,22,false,108.053939821
14.6,73,0.2,105,1.0e-10,22,22,false,108.053939821
14.8,74,0.2,105,1.0e-10,22,22,false,108.053939821
15.0,75,0.2,105,1.0e-10,22,22,false,108.053939821
15.2,76,0.2,105,1.0e-10,22,22,false,108.053939821
15.4,77,0.2,105,1.0e-10,22,22,false,108.053939821
15.6,78,0.2,105,1.0e-10,22,22,false,108.053939821
15.8,79,0.2,105,1.0e-10,22,22,false,108.053939821
16.0,80,0.2,105,1.0e-10,22,22,false,108.053939821
16.2,81,0.2,105,1.0e-10,22,22,false,108.053939821
16.4,82,0.2,105,1.0e-10,22,22,false,108.053939821
16.6,83,0.2,105,1.0e-10,22,22,false,108.053939821
16.8,84,0.2,105,1.0e-10,22,22,false,108.053939821
17.0,85,0.2,105,1.0e-10,22,22,false,108.053939821
17.2,86,0.2,105,1.0e-10,22,22,false,108.053939821
17.4,87,0.2,105,1.0e-10,22,22,false,108.053939821
17.6,88,0.2,105,1.0e-10,22,22,false,108.053939821
17.8,89,0.2,105,1.0e-10,22,22,false,108.053939821
18.0,90,0.2,105,1.0e-10,22,22,false,108.053939821
18.2,91,0.2,105,1.0e-10,22,22,false,108.053939821
18.4,92,0.2,105,1.0e-10,22,22,false,108.053939821
18.6,93,0.2,105,1.0e-10,22,22,false,108.053939821
18.8,94,0.2,105,1.0e-10,22,22,false,108.053939821
19.0,95,0.2,105,1.0e-10,21,22,false,108.053939821
19.2,96,0.2,105,1.0e-10,21,22,false,108.053939821
19.4,97,0.2,105,1.0e-10,21,22,false,108.053939821
19.6,98,0.2,105,1.0e-10,21,22,false,108.053939821
19.8,99,0.2,105,1.0e-10,21,22,false,108.053939821
20.0,100,0.2,105,1.0e-10,21,22,false,108.053939821
20.2,101,0.2,105,1.0e-10,21,22,false,108.053939821
20.4,102,0.2,105,1.0e-10,19,22,false,108.053939821
20.6,103,0.2,105,1.0e-10,12,22,false,108.053939821
20.8,104,0.2,105,1.0e-10,10,22,false,108.053939821
21.0,105,0.2,105,1.0e-10,1,22,false,108.053939821
0.0,0,0.2,105,1.0e-12,1,42,false,239.272092481
0.2,1,0.2,105,1.0e-12,16,42,false,239.272092481
0.4,2,0.2,105,1.0e-12,32,42,false,239.272092481
0.6,3,0.2,105,1.0e-12,35,42,false,239.272092481
0.8,4,0.2,105,1.0e-12,35,42,false,239.272092481
1.0,5,0.2,105,1.0e-12,35,42,false,239.272092481
1.2,6,0.2,105,1.0e-12,35,42,false,239.272092481
1.4,7,0.2,105,1.0e-12,36,42,false,239.272092481
1.6,8,0.2,105,1.0e-12,36,42,false,239.272092481
1.8,9,0.2,105,1.0e-12,36,42,false,239.272092481
2.0,10,0.2,105,1.0e-12,37,42,false,239.272092481
2.2,11,0.2,105,1.0e-12,37,42,false,239.272092481
2.4,12,0.2,105,1.0e-12,38,42,false,239.272092481
2.6,13,0.2,105,1.0e-12,38,42,false,239.272092481
2.8,14,0.2,105,1.0e-12,38,42,false,239.272092481
3.0,15,0.2,105,1.0e-12,39,42,false,239.272092481
3.2,16,0.2,105,1.0e-12,39,42,false,239.272092481
3.4,17,0.2,105,1.0e-12,39,42,false,239.272092481
3.6,18,0.2,105,1.0e-12,39,42,false,239.272092481
3.8,19,0.2,105,1.0e-12,40,42,false,239.272092481
4.0,20,0.2,105,1.0e-12,40,42,false,239.272092481
4.2,21,0.2,105,1.0e-12,40,42,false,239.272092481
4.4,22,0.2,105,1.0e-12,40,42,false,239.272092481
4.6,23,0.2,105,1.0e-12,40,42,false,239.272092481
4.8,24,0.2,105,1.0e-12,40,42,false,239.272092481
5.0,25,0.2,105,1.0e-12,40,42,false,239.272092481
5.2,26,0.2,105,1.0e-12,40,42,false,239.272092481
5.4,27,0.2,105,1.0e-12,40,42,false,239.272092481
5.6,28,0.2,105,1.0e-12,41,42,false,239.272092481
5.8,29,0.2,105,1.0e-12,41,42,false,239.272092481
6.0,30,0.2,105,1.0e-12,41,42,false,239.272092481
6.2,31,0.2,105,1.0e-12,41,42,false,239.272092481
6.4,32,0.2,105,1.0e-12,41,42,false,239.272092481
6.6,33,0.2,105,1.0e-12,41,42,false,239.272092481
6.8,34,0.2,105,1.0e-12,41,42,false,239.272092481
7.0,35,0.2,105,1.0e-12,41,42,false,239.272092481
7.2,36,0.2,105,1.0e-12,41,42,false,239.272092481
7.4,37,0.2,105,1.0e-12,41,42,false,239.272092481
7.6,38,0.2,105,1.0e-12,41,42,false,239.272092481
7.8,39,0.2,105,1.0e-12,41,42,false,239.272092481
8.0,40,0.2,105,1.0e-12,41,42,false,239.272092481
8.2,41,0.2,105,1.0e-12,41,42,false,239.272092481
8.4,42,0.2,105,1.0e-12,41,42,false,239.272092481
8.6,43,0.2,105,1.0e-12,41,42,false,239.272092481
8.8,44,0.2,105,1.0e-12,41,42,false,239.272092481
9.0,45,0.2,105,1.0e-12,41,42,false,239.272092481
9.2,46,0.2,105,1.0e-12,41,42,false,239.272092481
9.4,47,0.2,105,1.0e-12,41,42,false,239.272092481
9.6,48,0.2,105,1.0e-12,42,42,false,239.272092481
9.8,49,0.2,105,1.0e-12,42,42,false,239.272092481
10.0,50,0.2,105,1.0e-12,42,42,false,239.272092481
10.2,51,0.2,105,1.0e-12,42,42,false,239.272092481
10.4,52,0.2,105,1.0e-12,42,42,false,239.272092481
10.6,53,0.2,105,1.0e-12,42,42,false,239.272092481
10.8,54,0.2,105,1.0e-12,42,42,false,239.272092481
11.0,55,0.2,105,1.0e-12,42,42,false,239.272092481
11.2,56,0.2,105,1.0e-12,42,42,false,239.272092481
11.4,57,0.2,105,1.0e-12,42,42,false,239.272092481
11.6,58,0.2,105,1.0e-12,42,42,false,239.272092481
11.8,59,0.2,105,1.0e-12,42,42,false,239.272092481
12.0,60,0.2,105,1.0e-12,42,42,false,239.272092481
12.2,61,0.2,105,1.0e-12,42,42,false,239.272092481
12.4,62,0.2,105,1.0e-12,42,42,false,239.272092481
12.6,63,0.2,105,1.0e-12,42,42,false,239.272092481
12.8,64,0.2,105,1.0e-12,42,42,false,239.272092481
13.0,65,0.2,105,1.0e-12,42,42,false,239.272092481
13.2,66,0.2,105,1.0e-12,42,42,false,239.272092481
13.4,67,0.2,105,1.0e-12,42,42,false,239.272092481
13.6,68,0.2,105,1.0e-12,42,42,false,239.272092481
13.8,69,0.2,105,1.0e-12,42,42,false,239.272092481
14.0,70,0.2,105,1.0e-12,42,42,false,239.272092481
14.2,71,0.2,105,1.0e-12,42,42,false,239.272092481
14.4,72,0.2,105,1.0e-12,42,42,false,239.272092481
14.6,73,0.2,105,1.0e-12,42,42,false,239.272092481
14.8,74,0.2,105,1.0e-12,42,42,false,239.272092481
15.0,75,0.2,105,1.0e-12,42,42,false,239.272092481
15.2,76,0.2,105,1.0e-12,42,42,false,239.272092481
15.4,77,0.2,105,1.0e-12,42,42,false,239.272092481
15.6,78,0.2,105,1.0e-12,42,42,false,239.272092481
15.8,79,0.2,105,1.0e-12,42,42,false,239.272092481
16.0,80,0.2,105,1.0e-12,42,42,false,239.272092481
16.2,81,0.2,105,1.0e-12,42,42,false,239.272092481
16.4,82,0.2,105,1.0e-12,42,42,false,239.272092481
16.6,83,0.2,105,1.0e-12,42,42,false,239.272092481
16.8,84,0.2,105,1.0e-12,42,42,false,239.272092481
17.0,85,0.2,105,1.0e-12,42,42,false,239.272092481
17.2,86,0.2,105,1.0e-12,41,42,false,239.272092481
17.4,87,0.2,105,1.0e-12,40,42,false,239.272092481
17.6,88,0.2,105,1.0e-12,40,42,false,239.272092481
17.8,89,0.2,105,1.0e-12,40,42,false,239.272092481
18.0,90,0.2,105,1.0e-12,40,42,false,239.272092481
18.2,91,0.2,105,1.0e-12,40,42,false,239.272092481
18.4,92,0.2,105,1.0e-12,40,42,false,239.272092481
18.6,93,0.2,105,1.0e-12,40,42,false,239.272092481
18.8,94,0.2,105,1.0e-12,38,42,false,239.272092481
19.0,95,0.2,105,1.0e-12,38,42,false,239.272092481
19.2,96,0.2,105,1.0e-12,37,42,false,239.272092481
19.4,97,0.2,105,1.0e-12,35,42,false,239.272092481
19.6,98,0.2,105,1.0e-12,33,42,false,239.272092481
19.8,99,0.2,105,1.0e-12,29,42,false,239.272092481
20.0,100,0.2,105,1.0e-12,27,42,false,239.272092481
20.2,101,0.2,105,1.0e-12,23,42,false,239.272092481
20.4,102,0.2,105,1.0e-12,22,42,false,239.272092481
20.6,103,0.2,105,1.0e-12,20,42,false,239.272092481
20.8,104,0.2,105,1.0e-12,10,42,false,239.272092481
21.0,105,0.2,105,1.0e-12,1,42,false,239.272092481
0.0,0,0.1,210,1.0e-6,1,4,false,7.031535461
0.1,1,0.1,210,1.0e-6,4,4,false,7.031535461
0.2,2,0.1,210,1.0e-6,4,4,false,7.031535461
0.3,3,0.1,210,1.0e-6,4,4,false,7.031535461
0.4,4,0.1,210,1.0e-6,4,4,false,7.031535461
0.5,5,0.1,210,1.0e-6,4,4,false,7.031535461
0.6,6,0.1,210,1.0e-6,4,4,false,7.031535461
0.7,7,0.1,210,1.0e-6,4,4,false,7.031535461
0.8,8,0.1,210,1.0e-6,4,4,false,7.031535461
0.9,9,0.1,210,1.0e-6,4,4,false,7.031535461
1.0,10,0.1,210,1.0e-6,4,4,false,7.031535461
1.1,11,0.1,210,1.0e-6,4,4,false,7.031535461
1.2,12,0.1,210,1.0e-6,4,4,false,7.031535461
1.3,13,0.1,210,1.0e-6,4,4,false,7.031535461
1.4,14,0.1,210,1.0e-6,4,4,false,7.031535461
1.5,15,0.1,210,1.0e-6,4,4,false,7.031535461
1.6,16,0.1,210,1.0e-6,4,4,false,7.031535461
1.7,17,0.1,210,1.0e-6,4,4,false,7.031535461
1.8,18,0.1,210,1.0e-6,4,4,false,7.031535461
1.9,19,0.1,210,1.0e-6,4,4,false,7.031535461
2.0,20,0.1,210,1.0e-6,4,4,false,7.031535461
2.1,21,0.1,210,1.0e-6,4,4,false,7.031535461
2.2,22,0.1,210,1.0e-6,4,4,false,7.031535461
2.3,23,0.1,210,1.0e-6,4,4,false,7.031535461
2.4,24,0.1,210,1.0e-6,4,4,false,7.031535461
2.5,25,0.1,210,1.0e-6,4,4,false,7.031535461
2.6,26,0.1,210,1.0e-6,4,4,false,7.031535461
2.7,27,0.1,210,1.0e-6,4,4,false,7.031535461
2.8,28,0.1,210,1.0e-6,4,4,false,7.031535461
2.9,29,0.1,210,1.0e-6,4,4,false,7.031535461
3.0,30,0.1,210,1.0e-6,4,4,false,7.031535461
3.1,31,0.1,210,1.0e-6,4,4,false,7.031535461
3.2,32,0.1,210,1.0e-6,4,4,false,7.031535461
3.3,33,0.1,210,1.0e-6,4,4,false,7.031535461
3.4,34,0.1,210,1.0e-6,4,4,false,7.031535461
3.5,35,0.1,210,1.0e-6,4,4,false,7.031535461
3.6,36,0.1,210,1.0e-6,4,4,false,7.031535461
3.7,37,0.1,210,1.0e-6,4,4,false,7.031535461
3.8,38,0.1,210,1.0e-6,4,4,false,7.031535461
3.9,39,0.1,210,1.0e-6,4,4,false,7.031535461
4.0,40,0.1,210,1.0e-6,4,4,false,7.031535461
4.1,41,0.1,210,1.0e-6,4,4,false,7.031535461
4.2,42,0.1,210,1.0e-6,4,4,false,7.031535461
4.3,43,0.1,210,1.0e-6,4,4,false,7.031535461
4.4,44,0.1,210,1.0e-6,4,4,false,7.031535461
4.5,45,0.1,210,1.0e-6,4,4,false,7.031535461
4.6,46,0.1,210,1.0e-6,4,4,false,7.031535461
4.7,47,0.1,210,1.0e-6,4,4,false,7.031535461
4.8,48,0.1,210,1.0e-6,4,4,false,7.031535461
4.9,49,0.1,210,1.0e-6,4,4,false,7.031535461
5.0,50,0.1,210,1.0e-6,4,4,false,7.031535461
5.1,51,0.1,210,1.0e-6,4,4,false,7.031535461
5.2,52,0.1,210,1.0e-6,4,4,false,7.031535461
5.3,53,0.1,210,1.0e-6,4,4,false,7.031535461
5.4,54,0.1,210,1.0e-6,4,4,false,7.031535461
5.5,55,0.1,210,1.0e-6,4,4,false,7.031535461
5.6,56,0.1,210,1.0e-6,4,4,false,7.031535461
5.7,57,0.1,210,1.0e-6,4,4,false,7.031535461
5.8,58,0.1,210,1.0e-6,4,4,false,7.031535461
5.9,59,0.1,210,1.0e-6,4,4,false,7.031535461
6.0,60,0.1,210,1.0e-6,4,4,false,7.031535461
6.1,61,0.1,210,1.0e-6,4,4,false,7.031535461
6.2,62,0.1,210,1.0e-6,4,4,false,7.031535461
6.3,63,0.1,210,1.0e-6,4,4,false,7.031535461
6.4,64,0.1,210,1.0e-6,4,4,false,7.031535461
6.5,65,0.1,210,1.0e-6,4,4,false,7.031535461
6.6,66,0.1,210,1.0e-6,4,4,false,7.031535461
6.7,67,0.1,210,1.0e-6,4,4,false,7.031535461
6.8,68,0.1,210,1.0e-6,4,4,false,7.031535461
6.9,69,0.1,210,1.0e-6,4,4,false,7.031535461
7.0,70,0.1,210,1.0e-6,4,4,false,7.031535461
7.1,71,0.1,210,1.0e-6,4,4,false,7.031535461
7.2,72,0.1,210,1.0e-6,4,4,false,7.031535461
7.3,73,0.1,210,1.0e-6,4,4,false,7.031535461
7.4,74,0.1,210,1.0e-6,4,4,false,7.031535461
7.5,75,0.1,210,1.0e-6,4,4,false,7.031535461
7.6,76,0.1,210,1.0e-6,4,4,false,7.031535461
7.7,77,0.1,210,1.0e-6,4,4,false,7.031535461
7.8,78,0.1,210,1.0e-6,4,4,false,7.031535461
7.9,79,0.1,210,1.0e-6,4,4,false,7.031535461
8.0,80,0.1,210,1.0e-6,4,4,false,7.031535461
8.1,81,0.1,210,1.0e-6,4,4,false,7.031535461
8.2,82,0.1,210,1.0e-6,4,4,false,7.031535461
8.3,83,0.1,210,1.0e-6,4,4,false,7.031535461
8.4,84,0.1,210,1.0e-6,4,4,false,7.031535461
8.5,85,0.1,210,1.0e-6,4,4,false,7.031535461
8.6,86,0.1,210,1.0e-6,4,4,false,7.031535461
8.7,87,0.1,210,1.0e-6,4,4,false,7.031535461
8.8,88,0.1,210,1.0e-6,4,4,false,7.031535461
8.9,89,0.1,210,1.0e-6,4,4,false,7.031535461
9.0,90,0.1,210,1.0e-6,4,4,false,7.031535461
9.1,91,0.1,210,1.0e-6,4,4,false,7.031535461
9.2,92,0.1,210,1.0e-6,4,4,false,7.031535461
9.3,93,0.1,210,1.0e-6,4,4,false,7.031535461
9.4,94,0.1,210,1.0e-6,4,4,false,7.031535461
9.5,95,0.1,210,1.0e-6,4,4,false,7.031535461
9.6,96,0.1,210,1.0e-6,4,4,false,7.031535461
9.7,97,0.1,210,1.0e-6,4,4,false,7.031535461
9.8,98,0.1,210,1.0e-6,4,4,false,7.031535461
9.9,99,0.1,210,1.0e-6,4,4,false,7.031535461
10.0,100,0.1,210,1.0e-6,4,4,false,7.031535461
10.1,101,0.1,210,1.0e-6,4,4,false,7.031535461
10.2,102,0.1,210,1.0e-6,4,4,false,7.031535461
10.3,103,0.1,210,1.0e-6,4,4,false,7.031535461
10.4,104,0.1,210,1.0e-6,4,4,false,7.031535461
10.5,105,0.1,210,1.0e-6,4,4,false,7.031535461
10.6,106,0.1,210,1.0e-6,4,4,false,7.031535461
10.7,107,0.1,210,1.0e-6,4,4,false,7.031535461
10.8,108,0.1,210,1.0e-6,4,4,false,7.031535461
10.9,109,0.1,210,1.0e-6,4,4,false,7.031535461
11.0,110,0.1,210,1.0e-6,4,4,false,7.031535461
11.1,111,0.1,210,1.0e-6,4,4,false,7.031535461
11.2,112,0.1,210,1.0e-6,4,4,false,7.031535461
11.3,113,0.1,210,1.0e-6,4,4,false,7.031535461
11.4,114,0.1,210,1.0e-6,4,4,false,7.031535461
11.5,115,0.1,210,1.0e-6,4,4,false,7.031535461
11.6,116,0.1,210,1.0e-6,4,4,false,7.031535461
11.7,117,0.1,210,1.0e-6,4,4,false,7.031535461
11.8,118,0.1,210,1.0e-6,4,4,false,7.031535461
11.9,119,0.1,210,1.0e-6,4,4,false,7.031535461
12.0,120,0.1,210,1.0e-6,4,4,false,7.031535461
12.1,121,0.1,210,1.0e-6,4,4,false,7.031535461
12.2,122,0.1,210,1.0e-6,4,4,false,7.031535461
12.3,123,0.1,210,1.0e-6,4,4,false,7.031535461
12.4,124,0.1,210,1.0e-6,4,4,false,7.031535461
12.5,125,0.1,210,1.0e-6,4,4,false,7.031535461
12.6,126,0.1,210,1.0e-6,4,4,false,7.031535461
12.7,127,0.1,210,1.0e-6,4,4,false,7.031535461
12.8,128,0.1,210,1.0e-6,4,4,false,7.031535461
12.9,129,0.1,210,1.0e-6,4,4,false,7.031535461
13.0,130,0.1,210,1.0e-6,4,4,false,7.031535461
13.1,131,0.1,210,1.0e-6,4,4,false,7.031535461
13.2,132,0.1,210,1.0e-6,4,4,false,7.031535461
13.3,133,0.1,210,1.0e-6,4,4,false,7.031535461
13.4,134,0.1,210,1.0e-6,4,4,false,7.031535461
13.5,135,0.1,210,1.0e-6,4,4,false,7.031535461
13.6,136,0.1,210,1.0e-6,4,4,false,7.031535461
13.7,137,0.1,210,1.0e-6,4,4,false,7.031535461
13.8,138,0.1,210,1.0e-6,4,4,false,7.031535461
13.9,139,0.1,210,1.0e-6,4,4,false,7.031535461
14.0,140,0.1,210,1.0e-6,4,4,false,7.031535461
14.1,141,0.1,210,1.0e-6,4,4,false,7.031535461
14.2,142,0.1,210,1.0e-6,4,4,false,7.031535461
14.3,143,0.1,210,1.0e-6,4,4,false,7.031535461
14.4,144,0.1,210,1.0e-6,4,4,false,7.031535461
14.5,145,0.1,210,1.0e-6,4,4,false,7.031535461
14.6,146,0.1,210,1.0e-6,4,4,false,7.031535461
14.7,147,0.1,210,1.0e-6,4,4,false,7.031535461
14.8,148,0.1,210,1.0e-6,4,4,false,7.031535461
14.9,149,0.1,210,1.0e-6,4,4,false,7.031535461
15.0,150,0.1,210,1.0e-6,4,4,false,7.031535461
15.1,151,0.1,210,1.0e-6,4,4,false,7.031535461
15.2,152,0.1,210,1.0e-6,4,4,false,7.031535461
15.3,153,0.1,210,1.0e-6,4,4,false,7.031535461
15.4,154,0.1,210,1.0e-6,4,4,false,7.031535461
15.5,155,0.1,210,1.0e-6,4,4,false,7.031535461
15.6,156,0.1,210,1.0e-6,4,4,false,7.031535461
15.7,157,0.1,210,1.0e-6,4,4,false,7.031535461
15.8,158,0.1,210,1.0e-6,4,4,false,7.031535461
15.9,159,0.1,210,1.0e-6,4,4,false,7.031535461
16.0,160,0.1,210,1.0e-6,4,4,false,7.031535461
16.1,161,0.1,210,1.0e-6,4,4,false,7.031535461
16.2,162,0.1,210,1.0e-6,4,4,false,7.031535461
16.3,163,0.1,210,1.0e-6,4,4,false,7.031535461
16.4,164,0.1,210,1.0e-6,4,4,false,7.031535461
16.5,165,0.1,210,1.0e-6,4,4,false,7.031535461
16.6,166,0.1,210,1.0e-6,4,4,false,7.031535461
16.7,167,0.1,210,1.0e-6,4,4,false,7.031535461
16.8,168,0.1,210,1.0e-6,4,4,false,7.031535461
16.9,169,0.1,210,1.0e-6,4,4,false,7.031535461
17.0,170,0.1,210,1.0e-6,4,4,false,7.031535461
17.1,171,0.1,210,1.0e-6,4,4,false,7.031535461
17.2,172,0.1,210,1.0e-6,4,4,false,7.031535461
17.3,173,0.1,210,1.0e-6,4,4,false,7.031535461
17.4,174,0.1,210,1.0e-6,4,4,false,7.031535461
17.5,175,0.1,210,1.0e-6,4,4,false,7.031535461
17.6,176,0.1,210,1.0e-6,4,4,false,7.031535461
17.7,177,0.1,210,1.0e-6,4,4,false,7.031535461
17.8,178,0.1,210,1.0e-6,4,4,false,7.031535461
17.9,179,0.1,210,1.0e-6,4,4,false,7.031535461
18.0,180,0.1,210,1.0e-6,4,4,false,7.031535461
18.1,181,0.1,210,1.0e-6,4,4,false,7.031535461
18.2,182,0.1,210,1.0e-6,4,4,false,7.031535461
18.3,183,0.1,210,1.0e-6,4,4,false,7.031535461
18.4,184,0.1,210,1.0e-6,4,4,false,7.031535461
18.5,185,0.1,210,1.0e-6,4,4,false,7.031535461
18.6,186,0.1,210,1.0e-6,4,4,false,7.031535461
18.7,187,0.1,210,1.0e-6,4,4,false,7.031535461
18.8,188,0.1,210,1.0e-6,4,4,false,7.031535461
18.9,189,0.1,210,1.0e-6,4,4,false,7.031535461
19.0,190,0.1,210,1.0e-6,4,4,false,7.031535461
19.1,191,0.1,210,1.0e-6,4,4,false,7.031535461
19.2,192,0.1,210,1.0e-6,4,4,false,7.031535461
19.3,193,0.1,210,1.0e-6,4,4,false,7.031535461
19.4,194,0.1,210,1.0e-6,4,4,false,7.031535461
19.5,195,0.1,210,1.0e-6,4,4,false,7.031535461
19.6,196,0.1,210,1.0e-6,4,4,false,7.031535461
19.7,197,0.1,210,1.0e-6,4,4,false,7.031535461
19.8,198,0.1,210,1.0e-6,4,4,false,7.031535461
19.9,199,0.1,210,1.0e-6,4,4,false,7.031535461
20.0,200,0.1,210,1.0e-6,4,4,false,7.031535461
20.1,201,0.1,210,1.0e-6,4,4,false,7.031535461
20.2,202,0.1,210,1.0e-6,4,4,false,7.031535461
20.3,203,0.1,210,1.0e-6,4,4,false,7.031535461
20.4,204,0.1,210,1.0e-6,4,4,false,7.031535461
20.5,205,0.1,210,1.0e-6,4,4,false,7.031535461
20.6,206,0.1,210,1.0e-6,4,4,false,7.031535461
20.7,207,0.1,210,1.0e-6,4,4,false,7.031535461
20.8,208,0.1,210,1.0e-6,4,4,false,7.031535461
20.9,209,0.1,210,1.0e-6,4,4,false,7.031535461
21.0,210,0.1,210,1.0e-6,1,4,false,7.031535461
0.0,0,0.1,210,1.0e-8,1,12,false,54.329898248
0.1,1,0.1,210,1.0e-8,7,12,false,54.329898248
0.2,2,0.1,210,1.0e-8,9,12,false,54.329898248
0.3,3,0.1,210,1.0e-8,10,12,false,54.329898248
0.4,4,0.1,210,1.0e-8,10,12,false,54.329898248
0.5,5,0.1,210,1.0e-8,10,12,false,54.329898248
0.6,6,0.1,210,1.0e-8,10,12,false,54.329898248
0.7,7,0.1,210,1.0e-8,10,12,false,54.329898248
0.8,8,0.1,210,1.0e-8,10,12,false,54.329898248
0.9,9,0.1,210,1.0e-8,10,12,false,54.329898248
1.0,10,0.1,210,1.0e-8,10,12,false,54.329898248
1.1,11,0.1,210,1.0e-8,10,12,false,54.329898248
1.2,12,0.1,210,1.0e-8,10,12,false,54.329898248
1.3,13,0.1,210,1.0e-8,10,12,false,54.329898248
1.4,14,0.1,210,1.0e-8,10,12,false,54.329898248
1.5,15,0.1,210,1.0e-8,10,12,false,54.329898248
1.6,16,0.1,210,1.0e-8,10,12,false,54.329898248
1.7,17,0.1,210,1.0e-8,10,12,false,54.329898248
1.8,18,0.1,210,1.0e-8,10,12,false,54.329898248
1.9,19,0.1,210,1.0e-8,10,12,false,54.329898248
2.0,20,0.1,210,1.0e-8,10,12,false,54.329898248
2.1,21,0.1,210,1.0e-8,10,12,false,54.329898248
2.2,22,0.1,210,1.0e-8,10,12,false,54.329898248
2.3,23,0.1,210,1.0e-8,10,12,false,54.329898248
2.4,24,0.1,210,1.0e-8,10,12,false,54.329898248
2.5,25,0.1,210,1.0e-8,10,12,false,54.329898248
2.6,26,0.1,210,1.0e-8,10,12,false,54.329898248
2.7,27,0.1,210,1.0e-8,10,12,false,54.329898248
2.8,28,0.1,210,1.0e-8,10,12,false,54.329898248
2.9,29,0.1,210,1.0e-8,10,12,false,54.329898248
3.0,30,0.1,210,1.0e-8,10,12,false,54.329898248
3.1,31,0.1,210,1.0e-8,10,12,false,54.329898248
3.2,32,0.1,210,1.0e-8,10,12,false,54.329898248
3.3,33,0.1,210,1.0e-8,10,12,false,54.329898248
3.4,34,0.1,210,1.0e-8,10,12,false,54.329898248
3.5,35,0.1,210,1.0e-8,10,12,false,54.329898248
3.6,36,0.1,210,1.0e-8,10,12,false,54.329898248
3.7,37,0.1,210,1.0e-8,10,12,false,54.329898248
3.8,38,0.1,210,1.0e-8,10,12,false,54.329898248
3.9,39,0.1,210,1.0e-8,10,12,false,54.329898248
4.0,40,0.1,210,1.0e-8,10,12,false,54.329898248
4.1,41,0.1,210,1.0e-8,10,12,false,54.329898248
4.2,42,0.1,210,1.0e-8,10,12,false,54.329898248
4.3,43,0.1,210,1.0e-8,10,12,false,54.329898248
4.4,44,0.1,210,1.0e-8,10,12,false,54.329898248
4.5,45,0.1,210,1.0e-8,10,12,false,54.329898248
4.6,46,0.1,210,1.0e-8,10,12,false,54.329898248
4.7,47,0.1,210,1.0e-8,10,12,false,54.329898248
4.8,48,0.1,210,1.0e-8,10,12,false,54.329898248
4.9,49,0.1,210,1.0e-8,10,12,false,54.329898248
5.0,50,0.1,210,1.0e-8,10,12,false,54.329898248
5.1,51,0.1,210,1.0e-8,10,12,false,54.329898248
5.2,52,0.1,210,1.0e-8,11,12,false,54.329898248
5.3,53,0.1,210,1.0e-8,11,12,false,54.329898248
5.4,54,0.1,210,1.0e-8,11,12,false,54.329898248
5.5,55,0.1,210,1.0e-8,11,12,false,54.329898248
5.6,56,0.1,210,1.0e-8,11,12,false,54.329898248
5.7,57,0.1,210,1.0e-8,11,12,false,54.329898248
5.8,58,0.1,210,1.0e-8,11,12,false,54.329898248
5.9,59,0.1,210,1.0e-8,11,12,false,54.329898248
6.0,60,0.1,210,1.0e-8,11,12,false,54.329898248
6.1,61,0.1,210,1.0e-8,11,12,false,54.329898248
6.2,62,0.1,210,1.0e-8,11,12,false,54.329898248
6.3,63,0.1,210,1.0e-8,11,12,false,54.329898248
6.4,64,0.1,210,1.0e-8,11,12,false,54.329898248
6.5,65,0.1,210,1.0e-8,11,12,false,54.329898248
6.6,66,0.1,210,1.0e-8,11,12,false,54.329898248
6.7,67,0.1,210,1.0e-8,11,12,false,54.329898248
6.8,68,0.1,210,1.0e-8,11,12,false,54.329898248
6.9,69,0.1,210,1.0e-8,11,12,false,54.329898248
7.0,70,0.1,210,1.0e-8,11,12,false,54.329898248
7.1,71,0.1,210,1.0e-8,11,12,false,54.329898248
7.2,72,0.1,210,1.0e-8,11,12,false,54.329898248
7.3,73,0.1,210,1.0e-8,11,12,false,54.329898248
7.4,74,0.1,210,1.0e-8,11,12,false,54.329898248
7.5,75,0.1,210,1.0e-8,11,12,false,54.329898248
7.6,76,0.1,210,1.0e-8,11,12,false,54.329898248
7.7,77,0.1,210,1.0e-8,11,12,false,54.329898248
7.8,78,0.1,210,1.0e-8,11,12,false,54.329898248
7.9,79,0.1,210,1.0e-8,11,12,false,54.329898248
8.0,80,0.1,210,1.0e-8,11,12,false,54.329898248
8.1,81,0.1,210,1.0e-8,11,12,false,54.329898248
8.2,82,0.1,210,1.0e-8,11,12,false,54.329898248
8.3,83,0.1,210,1.0e-8,11,12,false,54.329898248
8.4,84,0.1,210,1.0e-8,11,12,false,54.329898248
8.5,85,0.1,210,1.0e-8,11,12,false,54.329898248
8.6,86,0.1,210,1.0e-8,11,12,false,54.329898248
8.7,87,0.1,210,1.0e-8,11,12,false,54.329898248
8.8,88,0.1,210,1.0e-8,11,12,false,54.329898248
8.9,89,0.1,210,1.0e-8,11,12,false,54.329898248
9.0,90,0.1,210,1.0e-8,11,12,false,54.329898248
9.1,91,0.1,210,1.0e-8,11,12,false,54.329898248
9.2,92,0.1,210,1.0e-8,11,12,false,54.329898248
9.3,93,0.1,210,1.0e-8,11,12,false,54.329898248
9.4,94,0.1,210,1.0e-8,11,12,false,54.329898248
9.5,95,0.1,210,1.0e-8,11,12,false,54.329898248
9.6,96,0.1,210,1.0e-8,11,12,false,54.329898248
9.7,97,0.1,210,1.0e-8,11,12,false,54.329898248
9.8,98,0.1,210,1.0e-8,11,12,false,54.329898248
9.9,99,0.1,210,1.0e-8,11,12,false,54.329898248
10.0,100,0.1,210,1.0e-8,11,12,false,54.329898248
10.1,101,0.1,210,1.0e-8,11,12,false,54.329898248
10.2,102,0.1,210,1.0e-8,11,12,false,54.329898248
10.3,103,0.1,210,1.0e-8,11,12,false,54.329898248
10.4,104,0.1,210,1.0e-8,11,12,false,54.329898248
10.5,105,0.1,210,1.0e-8,11,12,false,54.329898248
10.6,106,0.1,210,1.0e-8,11,12,false,54.329898248
10.7,107,0.1,210,1.0e-8,11,12,false,54.329898248
10.8,108,0.1,210,1.0e-8,11,12,false,54.329898248
10.9,109,0.1,210,1.0e-8,11,12,false,54.329898248
11.0,110,0.1,210,1.0e-8,11,12,false,54.329898248
11.1,111,0.1,210,1.0e-8,11,12,false,54.329898248
11.2,112,0.1,210,1.0e-8,11,12,false,54.329898248
11.3,113,0.1,210,1.0e-8,11,12,false,54.329898248
11.4,114,0.1,210,1.0e-8,11,12,false,54.329898248
11.5,115,0.1,210,1.0e-8,11,12,false,54.329898248
11.6,116,0.1,210,1.0e-8,11,12,false,54.329898248
11.7,117,0.1,210,1.0e-8,11,12,false,54.329898248
11.8,118,0.1,210,1.0e-8,11,12,false,54.329898248
11.9,119,0.1,210,1.0e-8,11,12,false,54.329898248
12.0,120,0.1,210,1.0e-8,11,12,false,54.329898248
12.1,121,0.1,210,1.0e-8,12,12,false,54.329898248
12.2,122,0.1,210,1.0e-8,12,12,false,54.329898248
12.3,123,0.1,210,1.0e-8,12,12,false,54.329898248
12.4,124,0.1,210,1.0e-8,12,12,false,54.329898248
12.5,125,0.1,210,1.0e-8,12,12,false,54.329898248
12.6,126,0.1,210,1.0e-8,12,12,false,54.329898248
12.7,127,0.1,210,1.0e-8,12,12,false,54.329898248
12.8,128,0.1,210,1.0e-8,12,12,false,54.329898248
12.9,129,0.1,210,1.0e-8,12,12,false,54.329898248
13.0,130,0.1,210,1.0e-8,12,12,false,54.329898248
13.1,131,0.1,210,1.0e-8,12,12,false,54.329898248
13.2,132,0.1,210,1.0e-8,12,12,false,54.329898248
13.3,133,0.1,210,1.0e-8,12,12,false,54.329898248
13.4,134,0.1,210,1.0e-8,12,12,false,54.329898248
13.5,135,0.1,210,1.0e-8,12,12,false,54.329898248
13.6,136,0.1,210,1.0e-8,12,12,false,54.329898248
13.7,137,0.1,210,1.0e-8,12,12,false,54.329898248
13.8,138,0.1,210,1.0e-8,12,12,false,54.329898248
13.9,139,0.1,210,1.0e-8,12,12,false,54.329898248
14.0,140,0.1,210,1.0e-8,12,12,false,54.329898248
14.1,141,0.1,210,1.0e-8,12,12,false,54.329898248
14.2,142,0.1,210,1.0e-8,12,12,false,54.329898248
14.3,143,0.1,210,1.0e-8,12,12,false,54.329898248
14.4,144,0.1,210,1.0e-8,12,12,false,54.329898248
14.5,145,0.1,210,1.0e-8,12,12,false,54.329898248
14.6,146,0.1,210,1.0e-8,12,12,false,54.329898248
14.7,147,0.1,210,1.0e-8,12,12,false,54.329898248
14.8,148,0.1,210,1.0e-8,12,12,false,54.329898248
14.9,149,0.1,210,1.0e-8,12,12,false,54.329898248
15.0,150,0.1,210,1.0e-8,12,12,false,54.329898248
15.1,151,0.1,210,1.0e-8,12,12,false,54.329898248
15.2,152,0.1,210,1.0e-8,12,12,false,54.329898248
15.3,153,0.1,210,1.0e-8,12,12,false,54.329898248
15.4,154,0.1,210,1.0e-8,12,12,false,54.329898248
15.5,155,0.1,210,1.0e-8,12,12,false,54.329898248
15.6,156,0.1,210,1.0e-8,11,12,false,54.329898248
15.7,157,0.1,210,1.0e-8,11,12,false,54.329898248
15.8,158,0.1,210,1.0e-8,11,12,false,54.329898248
15.9,159,0.1,210,1.0e-8,11,12,false,54.329898248
16.0,160,0.1,210,1.0e-8,11,12,false,54.329898248
16.1,161,0.1,210,1.0e-8,11,12,false,54.329898248
16.2,162,0.1,210,1.0e-8,11,12,false,54.329898248
16.3,163,0.1,210,1.0e-8,11,12,false,54.329898248
16.4,164,0.1,210,1.0e-8,11,12,false,54.329898248
16.5,165,0.1,210,1.0e-8,11,12,false,54.329898248
16.6,166,0.1,210,1.0e-8,11,12,false,54.329898248
16.7,167,0.1,210,1.0e-8,11,12,false,54.329898248
16.8,168,0.1,210,1.0e-8,11,12,false,54.329898248
16.9,169,0.1,210,1.0e-8,11,12,false,54.329898248
17.0,170,0.1,210,1.0e-8,11,12,false,54.329898248
17.1,171,0.1,210,1.0e-8,11,12,false,54.329898248
17.2,172,0.1,210,1.0e-8,11,12,false,54.329898248
17.3,173,0.1,210,1.0e-8,11,12,false,54.329898248
17.4,174,0.1,210,1.0e-8,11,12,false,54.329898248
17.5,175,0.1,210,1.0e-8,11,12,false,54.329898248
17.6,176,0.1,210,1.0e-8,11,12,false,54.329898248
17.7,177,0.1,210,1.0e-8,11,12,false,54.329898248
17.8,178,0.1,210,1.0e-8,11,12,false,54.329898248
17.9,179,0.1,210,1.0e-8,11,12,false,54.329898248
18.0,180,0.1,210,1.0e-8,11,12,false,54.329898248
18.1,181,0.1,210,1.0e-8,11,12,false,54.329898248
18.2,182,0.1,210,1.0e-8,11,12,false,54.329898248
18.3,183,0.1,210,1.0e-8,11,12,false,54.329898248
18.4,184,0.1,210,1.0e-8,11,12,false,54.329898248
18.5,185,0.1,210,1.0e-8,11,12,false,54.329898248
18.6,186,0.1,210,1.0e-8,11,12,false,54.329898248
18.7,187,0.1,210,1.0e-8,11,12,false,54.329898248
18.8,188,0.1,210,1.0e-8,11,12,false,54.329898248
18.9,189,0.1,210,1.0e-8,11,12,false,54.329898248
19.0,190,0.1,210,1.0e-8,11,12,false,54.329898248
19.1,191,0.1,210,1.0e-8,11,12,false,54.329898248
19.2,192,0.1,210,1.0e-8,11,12,false,54.329898248
19.3,193,0.1,210,1.0e-8,11,12,false,54.329898248
19.4,194,0.1,210,1.0e-8,11,12,false,54.329898248
19.5,195,0.1,210,1.0e-8,11,12,false,54.329898248
19.6,196,0.1,210,1.0e-8,11,12,false,54.329898248
19.7,197,0.1,210,1.0e-8,10,12,false,54.329898248
19.8,198,0.1,210,1.0e-8,10,12,false,54.329898248
19.9,199,0.1,210,1.0e-8,10,12,false,54.329898248
20.0,200,0.1,210,1.0e-8,10,12,false,54.329898248
20.1,201,0.1,210,1.0e-8,10,12,false,54.329898248
20.2,202,0.1,210,1.0e-8,10,12,false,54.329898248
20.3,203,0.1,210,1.0e-8,10,12,false,54.329898248
20.4,204,0.1,210,1.0e-8,9,12,false,54.329898248
20.5,205,0.1,210,1.0e-8,9,12,false,54.329898248
20.6,206,0.1,210,1.0e-8,9,12,false,54.329898248
20.7,207,0.1,210,1.0e-8,9,12,false,54.329898248
20.8,208,0.1,210,1.0e-8,7,12,false,54.329898248
20.9,209,0.1,210,1.0e-8,4,12,false,54.329898248
21.0,210,0.1,210,1.0e-8,1,12,false,54.329898248
0.0,0,0.1,210,1.0e-10,1,24,false,115.133222584
0.1,1,0.1,210,1.0e-10,12,24,false,115.133222584
0.2,2,0.1,210,1.0e-10,13,24,false,115.133222584
0.3,3,0.1,210,1.0e-10,14,24,false,115.133222584
0.4,4,0.1,210,1.0e-10,16,24,false,115.133222584
0.5,5,0.1,210,1.0e-10,17,24,false,115.133222584
0.6,6,0.1,210,1.0e-10,17,24,false,115.133222584
0.7,7,0.1,210,1.0e-10,17,24,false,115.133222584
0.8,8,0.1,210,1.0e-10,19,24,false,115.133222584
0.9,9,0.1,210,1.0e-10,20,24,false,115.133222584
1.0,10,0.1,210,1.0e-10,20,24,false,115.133222584
1.1,11,0.1,210,1.0e-10,20,24,false,115.133222584
1.2,12,0.1,210,1.0e-10,20,24,false,115.133222584
1.3,13,0.1,210,1.0e-10,20,24,false,115.133222584
1.4,14,0.1,210,1.0e-10,20,24,false,115.133222584
1.5,15,0.1,210,1.0e-10,20,24,false,115.133222584
1.6,16,0.1,210,1.0e-10,20,24,false,115.133222584
1.7,17,0.1,210,1.0e-10,20,24,false,115.133222584
1.8,18,0.1,210,1.0e-10,20,24,false,115.133222584
1.9,19,0.1,210,1.0e-10,20,24,false,115.133222584
2.0,20,0.1,210,1.0e-10,20,24,false,115.133222584
2.1,21,0.1,210,1.0e-10,20,24,false,115.133222584
2.2,22,0.1,210,1.0e-10,20,24,false,115.133222584
2.3,23,0.1,210,1.0e-10,20,24,false,115.133222584
2.4,24,0.1,210,1.0e-10,20,24,false,115.133222584
2.5,25,0.1,210,1.0e-10,20,24,false,115.133222584
2.6,26,0.1,210,1.0e-10,20,24,false,115.133222584
2.7,27,0.1,210,1.0e-10,20,24,false,115.133222584
2.8,28,0.1,210,1.0e-10,21,24,false,115.133222584
2.9,29,0.1,210,1.0e-10,21,24,false,115.133222584
3.0,30,0.1,210,1.0e-10,21,24,false,115.133222584
3.1,31,0.1,210,1.0e-10,21,24,false,115.133222584
3.2,32,0.1,210,1.0e-10,21,24,false,115.133222584
3.3,33,0.1,210,1.0e-10,22,24,false,115.133222584
3.4,34,0.1,210,1.0e-10,22,24,false,115.133222584
3.5,35,0.1,210,1.0e-10,22,24,false,115.133222584
3.6,36,0.1,210,1.0e-10,22,24,false,115.133222584
3.7,37,0.1,210,1.0e-10,22,24,false,115.133222584
3.8,38,0.1,210,1.0e-10,22,24,false,115.133222584
3.9,39,0.1,210,1.0e-10,22,24,false,115.133222584
4.0,40,0.1,210,1.0e-10,22,24,false,115.133222584
4.1,41,0.1,210,1.0e-10,23,24,false,115.133222584
4.2,42,0.1,210,1.0e-10,23,24,false,115.133222584
4.3,43,0.1,210,1.0e-10,23,24,false,115.133222584
4.4,44,0.1,210,1.0e-10,23,24,false,115.133222584
4.5,45,0.1,210,1.0e-10,23,24,false,115.133222584
4.6,46,0.1,210,1.0e-10,23,24,false,115.133222584
4.7,47,0.1,210,1.0e-10,23,24,false,115.133222584
4.8,48,0.1,210,1.0e-10,23,24,false,115.133222584
4.9,49,0.1,210,1.0e-10,23,24,false,115.133222584
5.0,50,0.1,210,1.0e-10,23,24,false,115.133222584
5.1,51,0.1,210,1.0e-10,23,24,false,115.133222584
5.2,52,0.1,210,1.0e-10,23,24,false,115.133222584
5.3,53,0.1,210,1.0e-10,23,24,false,115.133222584
5.4,54,0.1,210,1.0e-10,23,24,false,115.133222584
5.5,55,0.1,210,1.0e-10,23,24,false,115.133222584
5.6,56,0.1,210,1.0e-10,23,24,false,115.133222584
5.7,57,0.1,210,1.0e-10,23,24,false,115.133222584
5.8,58,0.1,210,1.0e-10,23,24,false,115.133222584
5.9,59,0.1,210,1.0e-10,23,24,false,115.133222584
6.0,60,0.1,210,1.0e-10,23,24,false,115.133222584
6.1,61,0.1,210,1.0e-10,23,24,false,115.133222584
6.2,62,0.1,210,1.0e-10,23,24,false,115.133222584
6.3,63,0.1,210,1.0e-10,23,24,false,115.133222584
6.4,64,0.1,210,1.0e-10,23,24,false,115.133222584
6.5,65,0.1,210,1.0e-10,23,24,false,115.133222584
6.6,66,0.1,210,1.0e-10,23,24,false,115.133222584
6.7,67,0.1,210,1.0e-10,23,24,false,115.133222584
6.8,68,0.1,210,1.0e-10,23,24,false,115.133222584
6.9,69,0.1,210,1.0e-10,23,24,false,115.133222584
7.0,70,0.1,210,1.0e-10,23,24,false,115.133222584
7.1,71,0.1,210,1.0e-10,23,24,false,115.133222584
7.2,72,0.1,210,1.0e-10,23,24,false,115.133222584
7.3,73,0.1,210,1.0e-10,23,24,false,115.133222584
7.4,74,0.1,210,1.0e-10,23,24,false,115.133222584
7.5,75,0.1,210,1.0e-10,23,24,false,115.133222584
7.6,76,0.1,210,1.0e-10,24,24,false,115.133222584
7.7,77,0.1,210,1.0e-10,24,24,false,115.133222584
7.8,78,0.1,210,1.0e-10,24,24,false,115.133222584
7.9,79,0.1,210,1.0e-10,24,24,false,115.133222584
8.0,80,0.1,210,1.0e-10,24,24,false,115.133222584
8.1,81,0.1,210,1.0e-10,24,24,false,115.133222584
8.2,82,0.1,210,1.0e-10,24,24,false,115.133222584
8.3,83,0.1,210,1.0e-10,24,24,false,115.133222584
8.4,84,0.1,210,1.0e-10,24,24,false,115.133222584
8.5,85,0.1,210,1.0e-10,24,24,false,115.133222584
8.6,86,0.1,210,1.0e-10,24,24,false,115.133222584
8.7,87,0.1,210,1.0e-10,24,24,false,115.133222584
8.8,88,0.1,210,1.0e-10,24,24,false,115.133222584
8.9,89,0.1,210,1.0e-10,24,24,false,115.133222584
9.0,90,0.1,210,1.0e-10,24,24,false,115.133222584
9.1,91,0.1,210,1.0e-10,24,24,false,115.133222584
9.2,92,0.1,210,1.0e-10,24,24,false,115.133222584
9.3,93,0.1,210,1.0e-10,24,24,false,115.133222584
9.4,94,0.1,210,1.0e-10,24,24,false,115.133222584
9.5,95,0.1,210,1.0e-10,24,24,false,115.133222584
9.6,96,0.1,210,1.0e-10,24,24,false,115.133222584
9.7,97,0.1,210,1.0e-10,24,24,false,115.133222584
9.8,98,0.1,210,1.0e-10,24,24,false,115.133222584
9.9,99,0.1,210,1.0e-10,24,24,false,115.133222584
10.0,100,0.1,210,1.0e-10,24,24,false,115.133222584
10.1,101,0.1,210,1.0e-10,24,24,false,115.133222584
10.2,102,0.1,210,1.0e-10,24,24,false,115.133222584
10.3,103,0.1,210,1.0e-10,24,24,false,115.133222584
10.4,104,0.1,210,1.0e-10,24,24,false,115.133222584
10.5,105,0.1,210,1.0e-10,24,24,false,115.133222584
10.6,106,0.1,210,1.0e-10,24,24,false,115.133222584
10.7,107,0.1,210,1.0e-10,24,24,false,115.133222584
10.8,108,0.1,210,1.0e-10,24,24,false,115.133222584
10.9,109,0.1,210,1.0e-10,24,24,false,115.133222584
11.0,110,0.1,210,1.0e-10,24,24,false,115.133222584
11.1,111,0.1,210,1.0e-10,24,24,false,115.133222584
11.2,112,0.1,210,1.0e-10,24,24,false,115.133222584
11.3,113,0.1,210,1.0e-10,24,24,false,115.133222584
11.4,114,0.1,210,1.0e-10,24,24,false,115.133222584
11.5,115,0.1,210,1.0e-10,24,24,false,115.133222584
11.6,116,0.1,210,1.0e-10,24,24,false,115.133222584
11.7,117,0.1,210,1.0e-10,24,24,false,115.133222584
11.8,118,0.1,210,1.0e-10,24,24,false,115.133222584
11.9,119,0.1,210,1.0e-10,24,24,false,115.133222584
12.0,120,0.1,210,1.0e-10,24,24,false,115.133222584
12.1,121,0.1,210,1.0e-10,24,24,false,115.133222584
12.2,122,0.1,210,1.0e-10,24,24,false,115.133222584
12.3,123,0.1,210,1.0e-10,24,24,false,115.133222584
12.4,124,0.1,210,1.0e-10,24,24,false,115.133222584
12.5,125,0.1,210,1.0e-10,24,24,false,115.133222584
12.6,126,0.1,210,1.0e-10,24,24,false,115.133222584
12.7,127,0.1,210,1.0e-10,24,24,false,115.133222584
12.8,128,0.1,210,1.0e-10,24,24,false,115.133222584
12.9,129,0.1,210,1.0e-10,24,24,false,115.133222584
13.0,130,0.1,210,1.0e-10,24,24,false,115.133222584
13.1,131,0.1,210,1.0e-10,24,24,false,115.133222584
13.2,132,0.1,210,1.0e-10,24,24,false,115.133222584
13.3,133,0.1,210,1.0e-10,24,24,false,115.133222584
13.4,134,0.1,210,1.0e-10,24,24,false,115.133222584
13.5,135,0.1,210,1.0e-10,24,24,false,115.133222584
13.6,136,0.1,210,1.0e-10,24,24,false,115.133222584
13.7,137,0.1,210,1.0e-10,24,24,false,115.133222584
13.8,138,0.1,210,1.0e-10,24,24,false,115.133222584
13.9,139,0.1,210,1.0e-10,24,24,false,115.133222584
14.0,140,0.1,210,1.0e-10,24,24,false,115.133222584
14.1,141,0.1,210,1.0e-10,24,24,false,115.133222584
14.2,142,0.1,210,1.0e-10,23,24,false,115.133222584
14.3,143,0.1,210,1.0e-10,22,24,false,115.133222584
14.4,144,0.1,210,1.0e-10,22,24,false,115.133222584
14.5,145,0.1,210,1.0e-10,22,24,false,115.133222584
14.6,146,0.1,210,1.0e-10,22,24,false,115.133222584
14.7,147,0.1,210,1.0e-10,22,24,false,115.133222584
14.8,148,0.1,210,1.0e-10,22,24,false,115.133222584
14.9,149,0.1,210,1.0e-10,22,24,false,115.133222584
15.0,150,0.1,210,1.0e-10,21,24,false,115.133222584
15.1,151,0.1,210,1.0e-10,21,24,false,115.133222584
15.2,152,0.1,210,1.0e-10,21,24,false,115.133222584
15.3,153,0.1,210,1.0e-10,21,24,false,115.133222584
15.4,154,0.1,210,1.0e-10,21,24,false,115.133222584
15.5,155,0.1,210,1.0e-10,21,24,false,115.133222584
15.6,156,0.1,210,1.0e-10,21,24,false,115.133222584
15.7,157,0.1,210,1.0e-10,21,24,false,115.133222584
15.8,158,0.1,210,1.0e-10,21,24,false,115.133222584
15.9,159,0.1,210,1.0e-10,21,24,false,115.133222584
16.0,160,0.1,210,1.0e-10,21,24,false,115.133222584
16.1,161,0.1,210,1.0e-10,21,24,false,115.133222584
16.2,162,0.1,210,1.0e-10,21,24,false,115.133222584
16.3,163,0.1,210,1.0e-10,20,24,false,115.133222584
16.4,164,0.1,210,1.0e-10,20,24,false,115.133222584
16.5,165,0.1,210,1.0e-10,20,24,false,115.133222584
16.6,166,0.1,210,1.0e-10,20,24,false,115.133222584
16.7,167,0.1,210,1.0e-10,20,24,false,115.133222584
16.8,168,0.1,210,1.0e-10,20,24,false,115.133222584
16.9,169,0.1,210,1.0e-10,20,24,false,115.133222584
17.0,170,0.1,210,1.0e-10,19,24,false,115.133222584
17.1,171,0.1,210,1.0e-10,19,24,false,115.133222584
17.2,172,0.1,210,1.0e-10,19,24,false,115.133222584
17.3,173,0.1,210,1.0e-10,19,24,false,115.133222584
17.4,174,0.1,210,1.0e-10,19,24,false,115.133222584
17.5,175,0.1,210,1.0e-10,19,24,false,115.133222584
17.6,176,0.1,210,1.0e-10,19,24,false,115.133222584
17.7,177,0.1,210,1.0e-10,18,24,false,115.133222584
17.8,178,0.1,210,1.0e-10,18,24,false,115.133222584
17.9,179,0.1,210,1.0e-10,17,24,false,115.133222584
18.0,180,0.1,210,1.0e-10,17,24,false,115.133222584
18.1,181,0.1,210,1.0e-10,17,24,false,115.133222584
18.2,182,0.1,210,1.0e-10,17,24,false,115.133222584
18.3,183,0.1,210,1.0e-10,17,24,false,115.133222584
18.4,184,0.1,210,1.0e-10,17,24,false,115.133222584
18.5,185,0.1,210,1.0e-10,16,24,false,115.133222584
18.6,186,0.1,210,1.0e-10,16,24,false,115.133222584
18.7,187,0.1,210,1.0e-10,16,24,false,115.133222584
18.8,188,0.1,210,1.0e-10,15,24,false,115.133222584
18.9,189,0.1,210,1.0e-10,15,24,false,115.133222584
19.0,190,0.1,210,1.0e-10,14,24,false,115.133222584
19.1,191,0.1,210,1.0e-10,13,24,false,115.133222584
19.2,192,0.1,210,1.0e-10,13,24,false,115.133222584
19.3,193,0.1,210,1.0e-10,13,24,false,115.133222584
19.4,194,0.1,210,1.0e-10,13,24,false,115.133222584
19.5,195,0.1,210,1.0e-10,13,24,false,115.133222584
19.6,196,0.1,210,1.0e-10,12,24,false,115.133222584
19.7,197,0.1,210,1.0e-10,12,24,false,115.133222584
19.8,198,0.1,210,1.0e-10,12,24,false,115.133222584
19.9,199,0.1,210,1.0e-10,12,24,false,115.133222584
20.0,200,0.1,210,1.0e-10,11,24,false,115.133222584
20.1,201,0.1,210,1.0e-10,11,24,false,115.133222584
20.2,202,0.1,210,1.0e-10,11,24,false,115.133222584
20.3,203,0.1,210,1.0e-10,10,24,false,115.133222584
20.4,204,0.1,210,1.0e-10,10,24,false,115.133222584
20.5,205,0.1,210,1.0e-10,10,24,false,115.133222584
20.6,206,0.1,210,1.0e-10,10,24,false,115.133222584
20.7,207,0.1,210,1.0e-10,10,24,false,115.133222584
20.8,208,0.1,210,1.0e-10,10,24,false,115.133222584
20.9,209,0.1,210,1.0e-10,10,24,false,115.133222584
21.0,210,0.1,210,1.0e-10,1,24,false,115.133222584
0.0,0,0.1,210,1.0e-12,1,34,false,259.231005778
0.1,1,0.1,210,1.0e-12,16,34,false,259.231005778
0.2,2,0.1,210,1.0e-12,21,34,false,259.231005778
0.3,3,0.1,210,1.0e-12,22,34,false,259.231005778
0.4,4,0.1,210,1.0e-12,23,34,false,259.231005778
0.5,5,0.1,210,1.0e-12,24,34,false,259.231005778
0.6,6,0.1,210,1.0e-12,25,34,false,259.231005778
0.7,7,0.1,210,1.0e-12,26,34,false,259.231005778
0.8,8,0.1,210,1.0e-12,27,34,false,259.231005778
0.9,9,0.1,210,1.0e-12,27,34,false,259.231005778
1.0,10,0.1,210,1.0e-12,28,34,false,259.231005778
1.1,11,0.1,210,1.0e-12,29,34,false,259.231005778
1.2,12,0.1,210,1.0e-12,29,34,false,259.231005778
1.3,13,0.1,210,1.0e-12,29,34,false,259.231005778
1.4,14,0.1,210,1.0e-12,30,34,false,259.231005778
1.5,15,0.1,210,1.0e-12,30,34,false,259.231005778
1.6,16,0.1,210,1.0e-12,31,34,false,259.231005778
1.7,17,0.1,210,1.0e-12,31,34,false,259.231005778
1.8,18,0.1,210,1.0e-12,31,34,false,259.231005778
1.9,19,0.1,210,1.0e-12,32,34,false,259.231005778
2.0,20,0.1,210,1.0e-12,32,34,false,259.231005778
2.1,21,0.1,210,1.0e-12,32,34,false,259.231005778
2.2,22,0.1,210,1.0e-12,32,34,false,259.231005778
2.3,23,0.1,210,1.0e-12,32,34,false,259.231005778
2.4,24,0.1,210,1.0e-12,32,34,false,259.231005778
2.5,25,0.1,210,1.0e-12,33,34,false,259.231005778
2.6,26,0.1,210,1.0e-12,33,34,false,259.231005778
2.7,27,0.1,210,1.0e-12,33,34,false,259.231005778
2.8,28,0.1,210,1.0e-12,33,34,false,259.231005778
2.9,29,0.1,210,1.0e-12,33,34,false,259.231005778
3.0,30,0.1,210,1.0e-12,33,34,false,259.231005778
3.1,31,0.1,210,1.0e-12,33,34,false,259.231005778
3.2,32,0.1,210,1.0e-12,33,34,false,259.231005778
3.3,33,0.1,210,1.0e-12,34,34,false,259.231005778
3.4,34,0.1,210,1.0e-12,34,34,false,259.231005778
3.5,35,0.1,210,1.0e-12,34,34,false,259.231005778
3.6,36,0.1,210,1.0e-12,34,34,false,259.231005778
3.7,37,0.1,210,1.0e-12,34,34,false,259.231005778
3.8,38,0.1,210,1.0e-12,34,34,false,259.231005778
3.9,39,0.1,210,1.0e-12,34,34,false,259.231005778
4.0,40,0.1,210,1.0e-12,34,34,false,259.231005778
4.1,41,0.1,210,1.0e-12,34,34,false,259.231005778
4.2,42,0.1,210,1.0e-12,34,34,false,259.231005778
4.3,43,0.1,210,1.0e-12,34,34,false,259.231005778
4.4,44,0.1,210,1.0e-12,34,34,false,259.231005778
4.5,45,0.1,210,1.0e-12,34,34,false,259.231005778
4.6,46,0.1,210,1.0e-12,34,34,false,259.231005778
4.7,47,0.1,210,1.0e-12,34,34,false,259.231005778
4.8,48,0.1,210,1.0e-12,34,34,false,259.231005778
4.9,49,0.1,210,1.0e-12,34,34,false,259.231005778
5.0,50,0.1,210,1.0e-12,34,34,false,259.231005778
5.1,51,0.1,210,1.0e-12,34,34,false,259.231005778
5.2,52,0.1,210,1.0e-12,34,34,false,259.231005778
5.3,53,0.1,210,1.0e-12,34,34,false,259.231005778
5.4,54,0.1,210,1.0e-12,34,34,false,259.231005778
5.5,55,0.1,210,1.0e-12,34,34,false,259.231005778
5.6,56,0.1,210,1.0e-12,34,34,false,259.231005778
5.7,57,0.1,210,1.0e-12,34,34,false,259.231005778
5.8,58,0.1,210,1.0e-12,34,34,false,259.231005778
5.9,59,0.1,210,1.0e-12,34,34,false,259.231005778
6.0,60,0.1,210,1.0e-12,34,34,false,259.231005778
6.1,61,0.1,210,1.0e-12,34,34,false,259.231005778
6.2,62,0.1,210,1.0e-12,34,34,false,259.231005778
6.3,63,0.1,210,1.0e-12,34,34,false,259.231005778
6.4,64,0.1,210,1.0e-12,34,34,false,259.231005778
6.5,65,0.1,210,1.0e-12,34,34,false,259.231005778
6.6,66,0.1,210,1.0e-12,34,34,false,259.231005778
6.7,67,0.1,210,1.0e-12,34,34,false,259.231005778
6.8,68,0.1,210,1.0e-12,34,34,false,259.231005778
6.9,69,0.1,210,1.0e-12,34,34,false,259.231005778
7.0,70,0.1,210,1.0e-12,34,34,false,259.231005778
7.1,71,0.1,210,1.0e-12,34,34,false,259.231005778
7.2,72,0.1,210,1.0e-12,34,34,false,259.231005778
7.3,73,0.1,210,1.0e-12,34,34,false,259.231005778
7.4,74,0.1,210,1.0e-12,34,34,false,259.231005778
7.5,75,0.1,210,1.0e-12,34,34,false,259.231005778
7.6,76,0.1,210,1.0e-12,34,34,false,259.231005778
7.7,77,0.1,210,1.0e-12,34,34,false,259.231005778
7.8,78,0.1,210,1.0e-12,34,34,false,259.231005778
7.9,79,0.1,210,1.0e-12,34,34,false,259.231005778
8.0,80,0.1,210,1.0e-12,34,34,false,259.231005778
8.1,81,0.1,210,1.0e-12,34,34,false,259.231005778
8.2,82,0.1,210,1.0e-12,34,34,false,259.231005778
8.3,83,0.1,210,1.0e-12,34,34,false,259.231005778
8.4,84,0.1,210,1.0e-12,34,34,false,259.231005778
8.5,85,0.1,210,1.0e-12,34,34,false,259.231005778
8.6,86,0.1,210,1.0e-12,34,34,false,259.231005778
8.7,87,0.1,210,1.0e-12,34,34,false,259.231005778
8.8,88,0.1,210,1.0e-12,34,34,false,259.231005778
8.9,89,0.1,210,1.0e-12,34,34,false,259.231005778
9.0,90,0.1,210,1.0e-12,34,34,false,259.231005778
9.1,91,0.1,210,1.0e-12,34,34,false,259.231005778
9.2,92,0.1,210,1.0e-12,34,34,false,259.231005778
9.3,93,0.1,210,1.0e-12,34,34,false,259.231005778
9.4,94,0.1,210,1.0e-12,34,34,false,259.231005778
9.5,95,0.1,210,1.0e-12,34,34,false,259.231005778
9.6,96,0.1,210,1.0e-12,34,34,false,259.231005778
9.7,97,0.1,210,1.0e-12,34,34,false,259.231005778
9.8,98,0.1,210,1.0e-12,34,34,false,259.231005778
9.9,99,0.1,210,1.0e-12,34,34,false,259.231005778
10.0,100,0.1,210,1.0e-12,34,34,false,259.231005778
10.1,101,0.1,210,1.0e-12,34,34,false,259.231005778
10.2,102,0.1,210,1.0e-12,34,34,false,259.231005778
10.3,103,0.1,210,1.0e-12,34,34,false,259.231005778
10.4,104,0.1,210,1.0e-12,34,34,false,259.231005778
10.5,105,0.1,210,1.0e-12,34,34,false,259.231005778
10.6,106,0.1,210,1.0e-12,34,34,false,259.231005778
10.7,107,0.1,210,1.0e-12,34,34,false,259.231005778
10.8,108,0.1,210,1.0e-12,34,34,false,259.231005778
10.9,109,0.1,210,1.0e-12,34,34,false,259.231005778
11.0,110,0.1,210,1.0e-12,34,34,false,259.231005778
11.1,111,0.1,210,1.0e-12,34,34,false,259.231005778
11.2,112,0.1,210,1.0e-12,34,34,false,259.231005778
11.3,113,0.1,210,1.0e-12,34,34,false,259.231005778
11.4,114,0.1,210,1.0e-12,34,34,false,259.231005778
11.5,115,0.1,210,1.0e-12,34,34,false,259.231005778
11.6,116,0.1,210,1.0e-12,34,34,false,259.231005778
11.7,117,0.1,210,1.0e-12,34,34,false,259.231005778
11.8,118,0.1,210,1.0e-12,33,34,false,259.231005778
11.9,119,0.1,210,1.0e-12,32,34,false,259.231005778
12.0,120,0.1,210,1.0e-12,32,34,false,259.231005778
12.1,121,0.1,210,1.0e-12,32,34,false,259.231005778
12.2,122,0.1,210,1.0e-12,32,34,false,259.231005778
12.3,123,0.1,210,1.0e-12,31,34,false,259.231005778
12.4,124,0.1,210,1.0e-12,31,34,false,259.231005778
12.5,125,0.1,210,1.0e-12,31,34,false,259.231005778
12.6,126,0.1,210,1.0e-12,31,34,false,259.231005778
12.7,127,0.1,210,1.0e-12,31,34,false,259.231005778
12.8,128,0.1,210,1.0e-12,31,34,false,259.231005778
12.9,129,0.1,210,1.0e-12,31,34,false,259.231005778
13.0,130,0.1,210,1.0e-12,31,34,false,259.231005778
13.1,131,0.1,210,1.0e-12,30,34,false,259.231005778
13.2,132,0.1,210,1.0e-12,30,34,false,259.231005778
13.3,133,0.1,210,1.0e-12,30,34,false,259.231005778
13.4,134,0.1,210,1.0e-12,30,34,false,259.231005778
13.5,135,0.1,210,1.0e-12,30,34,false,259.231005778
13.6,136,0.1,210,1.0e-12,30,34,false,259.231005778
13.7,137,0.1,210,1.0e-12,29,34,false,259.231005778
13.8,138,0.1,210,1.0e-12,29,34,false,259.231005778
13.9,139,0.1,210,1.0e-12,29,34,false,259.231005778
14.0,140,0.1,210,1.0e-12,29,34,false,259.231005778
14.1,141,0.1,210,1.0e-12,29,34,false,259.231005778
14.2,142,0.1,210,1.0e-12,29,34,false,259.231005778
14.3,143,0.1,210,1.0e-12,29,34,false,259.231005778
14.4,144,0.1,210,1.0e-12,29,34,false,259.231005778
14.5,145,0.1,210,1.0e-12,29,34,false,259.231005778
14.6,146,0.1,210,1.0e-12,28,34,false,259.231005778
14.7,147,0.1,210,1.0e-12,28,34,false,259.231005778
14.8,148,0.1,210,1.0e-12,27,34,false,259.231005778
14.9,149,0.1,210,1.0e-12,27,34,false,259.231005778
15.0,150,0.1,210,1.0e-12,27,34,false,259.231005778
15.1,151,0.1,210,1.0e-12,27,34,false,259.231005778
15.2,152,0.1,210,1.0e-12,27,34,false,259.231005778
15.3,153,0.1,210,1.0e-12,27,34,false,259.231005778
15.4,154,0.1,210,1.0e-12,27,34,false,259.231005778
15.5,155,0.1,210,1.0e-12,26,34,false,259.231005778
15.6,156,0.1,210,1.0e-12,26,34,false,259.231005778
15.7,157,0.1,210,1.0e-12,26,34,false,259.231005778
15.8,158,0.1,210,1.0e-12,25,34,false,259.231005778
15.9,159,0.1,210,1.0e-12,24,34,false,259.231005778
16.0,160,0.1,210,1.0e-12,24,34,false,259.231005778
16.1,161,0.1,210,1.0e-12,24,34,false,259.231005778
16.2,162,0.1,210,1.0e-12,24,34,false,259.231005778
16.3,163,0.1,210,1.0e-12,23,34,false,259.231005778
16.4,164,0.1,210,1.0e-12,23,34,false,259.231005778
16.5,165,0.1,210,1.0e-12,23,34,false,259.231005778
16.6,166,0.1,210,1.0e-12,23,34,false,259.231005778
16.7,167,0.1,210,1.0e-12,23,34,false,259.231005778
16.8,168,0.1,210,1.0e-12,23,34,false,259.231005778
16.9,169,0.1,210,1.0e-12,23,34,false,259.231005778
17.0,170,0.1,210,1.0e-12,23,34,false,259.231005778
17.1,171,0.1,210,1.0e-12,23,34,false,259.231005778
17.2,172,0.1,210,1.0e-12,23,34,false,259.231005778
17.3,173,0.1,210,1.0e-12,23,34,false,259.231005778
17.4,174,0.1,210,1.0e-12,23,34,false,259.231005778
17.5,175,0.1,210,1.0e-12,23,34,false,259.231005778
17.6,176,0.1,210,1.0e-12,23,34,false,259.231005778
17.7,177,0.1,210,1.0e-12,23,34,false,259.231005778
17.8,178,0.1,210,1.0e-12,23,34,false,259.231005778
17.9,179,0.1,210,1.0e-12,23,34,false,259.231005778
18.0,180,0.1,210,1.0e-12,23,34,false,259.231005778
18.1,181,0.1,210,1.0e-12,23,34,false,259.231005778
18.2,182,0.1,210,1.0e-12,22,34,false,259.231005778
18.3,183,0.1,210,1.0e-12,22,34,false,259.231005778
18.4,184,0.1,210,1.0e-12,22,34,false,259.231005778
18.5,185,0.1,210,1.0e-12,22,34,false,259.231005778
18.6,186,0.1,210,1.0e-12,22,34,false,259.231005778
18.7,187,0.1,210,1.0e-12,22,34,false,259.231005778
18.8,188,0.1,210,1.0e-12,22,34,false,259.231005778
18.9,189,0.1,210,1.0e-12,22,34,false,259.231005778
19.0,190,0.1,210,1.0e-12,22,34,false,259.231005778
19.1,191,0.1,210,1.0e-12,22,34,false,259.231005778
19.2,192,0.1,210,1.0e-12,22,34,false,259.231005778
19.3,193,0.1,210,1.0e-12,22,34,false,259.231005778
19.4,194,0.1,210,1.0e-12,22,34,false,259.231005778
19.5,195,0.1,210,1.0e-12,22,34,false,259.231005778
19.6,196,0.1,210,1.0e-12,22,34,false,259.231005778
19.7,197,0.1,210,1.0e-12,22,34,false,259.231005778
19.8,198,0.1,210,1.0e-12,22,34,false,259.231005778
19.9,199,0.1,210,1.0e-12,22,34,false,259.231005778
20.0,200,0.1,210,1.0e-12,22,34,false,259.231005778
20.1,201,0.1,210,1.0e-12,22,34,false,259.231005778
20.2,202,0.1,210,1.0e-12,22,34,false,259.231005778
20.3,203,0.1,210,1.0e-12,22,34,false,259.231005778
20.4,204,0.1,210,1.0e-12,22,34,false,259.231005778
20.5,205,0.1,210,1.0e-12,22,34,false,259.231005778
20.6,206,0.1,210,1.0e-12,22,34,false,259.231005778
20.7,207,0.1,210,1.0e-12,22,34,false,259.231005778
20.8,208,0.1,210,1.0e-12,20,34,false,259.231005778
20.9,209,0.1,210,1.0e-12,10,34,false,259.231005778
21.0,210,0.1,210,1.0e-12,1,34,false,259.231005778
0.0,0,0.05,420,1.0e-6,1,4,false,14.073076336
0.05,1,0.05,420,1.0e-6,4,4,false,14.073076336
0.1,2,0.05,420,1.0e-6,4,4,false,14.073076336
0.15,3,0.05,420,1.0e-6,4,4,false,14.073076336
0.2,4,0.05,420,1.0e-6,4,4,false,14.073076336
0.25,5,0.05,420,1.0e-6,4,4,false,14.073076336
0.3,6,0.05,420,1.0e-6,4,4,false,14.073076336
0.35,7,0.05,420,1.0e-6,4,4,false,14.073076336
0.4,8,0.05,420,1.0e-6,4,4,false,14.073076336
0.45,9,0.05,420,1.0e-6,4,4,false,14.073076336
0.5,10,0.05,420,1.0e-6,4,4,false,14.073076336
0.55,11,0.05,420,1.0e-6,4,4,false,14.073076336
0.6,12,0.05,420,1.0e-6,4,4,false,14.073076336
0.65,13,0.05,420,1.0e-6,4,4,false,14.073076336
0.7,14,0.05,420,1.0e-6,4,4,false,14.073076336
0.75,15,0.05,420,1.0e-6,4,4,false,14.073076336
0.8,16,0.05,420,1.0e-6,4,4,false,14.073076336
0.85,17,0.05,420,1.0e-6,4,4,false,14.073076336
0.9,18,0.05,420,1.0e-6,4,4,false,14.073076336
0.95,19,0.05,420,1.0e-6,4,4,false,14.073076336
1.0,20,0.05,420,1.0e-6,4,4,false,14.073076336
1.05,21,0.05,420,1.0e-6,4,4,false,14.073076336
1.1,22,0.05,420,1.0e-6,4,4,false,14.073076336
1.15,23,0.05,420,1.0e-6,4,4,false,14.073076336
1.2,24,0.05,420,1.0e-6,4,4,false,14.073076336
1.25,25,0.05,420,1.0e-6,4,4,false,14.073076336
1.3,26,0.05,420,1.0e-6,4,4,false,14.073076336
1.35,27,0.05,420,1.0e-6,4,4,false,14.073076336
1.4,28,0.05,420,1.0e-6,4,4,false,14.073076336
1.45,29,0.05,420,1.0e-6,4,4,false,14.073076336
1.5,30,0.05,420,1.0e-6,4,4,false,14.073076336
1.55,31,0.05,420,1.0e-6,4,4,false,14.073076336
1.6,32,0.05,420,1.0e-6,4,4,false,14.073076336
1.65,33,0.05,420,1.0e-6,4,4,false,14.073076336
1.7,34,0.05,420,1.0e-6,4,4,false,14.073076336
1.75,35,0.05,420,1.0e-6,4,4,false,14.073076336
1.8,36,0.05,420,1.0e-6,4,4,false,14.073076336
1.85,37,0.05,420,1.0e-6,4,4,false,14.073076336
1.9,38,0.05,420,1.0e-6,4,4,false,14.073076336
1.95,39,0.05,420,1.0e-6,4,4,false,14.073076336
2.0,40,0.05,420,1.0e-6,4,4,false,14.073076336
2.05,41,0.05,420,1.0e-6,4,4,false,14.073076336
2.1,42,0.05,420,1.0e-6,4,4,false,14.073076336
2.15,43,0.05,420,1.0e-6,4,4,false,14.073076336
2.2,44,0.05,420,1.0e-6,4,4,false,14.073076336
2.25,45,0.05,420,1.0e-6,4,4,false,14.073076336
2.3,46,0.05,420,1.0e-6,4,4,false,14.073076336
2.35,47,0.05,420,1.0e-6,4,4,false,14.073076336
2.4,48,0.05,420,1.0e-6,4,4,false,14.073076336
2.45,49,0.05,420,1.0e-6,4,4,false,14.073076336
2.5,50,0.05,420,1.0e-6,4,4,false,14.073076336
2.55,51,0.05,420,1.0e-6,4,4,false,14.073076336
2.6,52,0.05,420,1.0e-6,4,4,false,14.073076336
2.65,53,0.05,420,1.0e-6,4,4,false,14.073076336
2.7,54,0.05,420,1.0e-6,4,4,false,14.073076336
2.75,55,0.05,420,1.0e-6,4,4,false,14.073076336
2.8,56,0.05,420,1.0e-6,4,4,false,14.073076336
2.85,57,0.05,420,1.0e-6,4,4,false,14.073076336
2.9,58,0.05,420,1.0e-6,4,4,false,14.073076336
2.95,59,0.05,420,1.0e-6,4,4,false,14.073076336
3.0,60,0.05,420,1.0e-6,4,4,false,14.073076336
3.05,61,0.05,420,1.0e-6,4,4,false,14.073076336
3.1,62,0.05,420,1.0e-6,4,4,false,14.073076336
3.15,63,0.05,420,1.0e-6,4,4,false,14.073076336
3.2,64,0.05,420,1.0e-6,4,4,false,14.073076336
3.25,65,0.05,420,1.0e-6,4,4,false,14.073076336
3.3,66,0.05,420,1.0e-6,4,4,false,14.073076336
3.35,67,0.05,420,1.0e-6,4,4,false,14.073076336
3.4,68,0.05,420,1.0e-6,4,4,false,14.073076336
3.45,69,0.05,420,1.0e-6,4,4,false,14.073076336
3.5,70,0.05,420,1.0e-6,4,4,false,14.073076336
3.55,71,0.05,420,1.0e-6,4,4,false,14.073076336
3.6,72,0.05,420,1.0e-6,4,4,false,14.073076336
3.65,73,0.05,420,1.0e-6,4,4,false,14.073076336
3.7,74,0.05,420,1.0e-6,4,4,false,14.073076336
3.75,75,0.05,420,1.0e-6,4,4,false,14.073076336
3.8,76,0.05,420,1.0e-6,4,4,false,14.073076336
3.85,77,0.05,420,1.0e-6,4,4,false,14.073076336
3.9,78,0.05,420,1.0e-6,4,4,false,14.073076336
3.95,79,0.05,420,1.0e-6,4,4,false,14.073076336
4.0,80,0.05,420,1.0e-6,4,4,false,14.073076336
4.05,81,0.05,420,1.0e-6,4,4,false,14.073076336
4.1,82,0.05,420,1.0e-6,4,4,false,14.073076336
4.15,83,0.05,420,1.0e-6,4,4,false,14.073076336
4.2,84,0.05,420,1.0e-6,4,4,false,14.073076336
4.25,85,0.05,420,1.0e-6,4,4,false,14.073076336
4.3,86,0.05,420,1.0e-6,4,4,false,14.073076336
4.35,87,0.05,420,1.0e-6,4,4,false,14.073076336
4.4,88,0.05,420,1.0e-6,4,4,false,14.073076336
4.45,89,0.05,420,1.0e-6,4,4,false,14.073076336
4.5,90,0.05,420,1.0e-6,4,4,false,14.073076336
4.55,91,0.05,420,1.0e-6,4,4,false,14.073076336
4.6,92,0.05,420,1.0e-6,4,4,false,14.073076336
4.65,93,0.05,420,1.0e-6,4,4,false,14.073076336
4.7,94,0.05,420,1.0e-6,4,4,false,14.073076336
4.75,95,0.05,420,1.0e-6,4,4,false,14.073076336
4.8,96,0.05,420,1.0e-6,4,4,false,14.073076336
4.85,97,0.05,420,1.0e-6,4,4,false,14.073076336
4.9,98,0.05,420,1.0e-6,4,4,false,14.073076336
4.95,99,0.05,420,1.0e-6,4,4,false,14.073076336
5.0,100,0.05,420,1.0e-6,4,4,false,14.073076336
5.05,101,0.05,420,1.0e-6,4,4,false,14.073076336
5.1,102,0.05,420,1.0e-6,4,4,false,14.073076336
5.15,103,0.05,420,1.0e-6,4,4,false,14.073076336
5.2,104,0.05,420,1.0e-6,4,4,false,14.073076336
5.25,105,0.05,420,1.0e-6,4,4,false,14.073076336
5.3,106,0.05,420,1.0e-6,4,4,false,14.073076336
5.35,107,0.05,420,1.0e-6,4,4,false,14.073076336
5.4,108,0.05,420,1.0e-6,4,4,false,14.073076336
5.45,109,0.05,420,1.0e-6,4,4,false,14.073076336
5.5,110,0.05,420,1.0e-6,4,4,false,14.073076336
5.55,111,0.05,420,1.0e-6,4,4,false,14.073076336
5.6,112,0.05,420,1.0e-6,4,4,false,14.073076336
5.65,113,0.05,420,1.0e-6,4,4,false,14.073076336
5.7,114,0.05,420,1.0e-6,4,4,false,14.073076336
5.75,115,0.05,420,1.0e-6,4,4,false,14.073076336
5.8,116,0.05,420,1.0e-6,4,4,false,14.073076336
5.85,117,0.05,420,1.0e-6,4,4,false,14.073076336
5.9,118,0.05,420,1.0e-6,4,4,false,14.073076336
5.95,119,0.05,420,1.0e-6,4,4,false,14.073076336
6.0,120,0.05,420,1.0e-6,4,4,false,14.073076336
6.05,121,0.05,420,1.0e-6,4,4,false,14.073076336
6.1,122,0.05,420,1.0e-6,4,4,false,14.073076336
6.15,123,0.05,420,1.0e-6,4,4,false,14.073076336
6.2,124,0.05,420,1.0e-6,4,4,false,14.073076336
6.25,125,0.05,420,1.0e-6,4,4,false,14.073076336
6.3,126,0.05,420,1.0e-6,4,4,false,14.073076336
6.35,127,0.05,420,1.0e-6,4,4,false,14.073076336
6.4,128,0.05,420,1.0e-6,4,4,false,14.073076336
6.45,129,0.05,420,1.0e-6,4,4,false,14.073076336
6.5,130,0.05,420,1.0e-6,4,4,false,14.073076336
6.55,131,0.05,420,1.0e-6,4,4,false,14.073076336
6.6,132,0.05,420,1.0e-6,4,4,false,14.073076336
6.65,133,0.05,420,1.0e-6,4,4,false,14.073076336
6.7,134,0.05,420,1.0e-6,4,4,false,14.073076336
6.75,135,0.05,420,1.0e-6,4,4,false,14.073076336
6.8,136,0.05,420,1.0e-6,4,4,false,14.073076336
6.85,137,0.05,420,1.0e-6,4,4,false,14.073076336
6.9,138,0.05,420,1.0e-6,4,4,false,14.073076336
6.95,139,0.05,420,1.0e-6,4,4,false,14.073076336
7.0,140,0.05,420,1.0e-6,4,4,false,14.073076336
7.05,141,0.05,420,1.0e-6,4,4,false,14.073076336
7.1,142,0.05,420,1.0e-6,4,4,false,14.073076336
7.15,143,0.05,420,1.0e-6,4,4,false,14.073076336
7.2,144,0.05,420,1.0e-6,4,4,false,14.073076336
7.25,145,0.05,420,1.0e-6,4,4,false,14.073076336
7.3,146,0.05,420,1.0e-6,4,4,false,14.073076336
7.35,147,0.05,420,1.0e-6,4,4,false,14.073076336
7.4,148,0.05,420,1.0e-6,4,4,false,14.073076336
7.45,149,0.05,420,1.0e-6,4,4,false,14.073076336
7.5,150,0.05,420,1.0e-6,4,4,false,14.073076336
7.55,151,0.05,420,1.0e-6,4,4,false,14.073076336
7.6,152,0.05,420,1.0e-6,4,4,false,14.073076336
7.65,153,0.05,420,1.0e-6,4,4,false,14.073076336
7.7,154,0.05,420,1.0e-6,4,4,false,14.073076336
7.75,155,0.05,420,1.0e-6,4,4,false,14.073076336
7.8,156,0.05,420,1.0e-6,4,4,false,14.073076336
7.85,157,0.05,420,1.0e-6,4,4,false,14.073076336
7.9,158,0.05,420,1.0e-6,4,4,false,14.073076336
7.95,159,0.05,420,1.0e-6,4,4,false,14.073076336
8.0,160,0.05,420,1.0e-6,4,4,false,14.073076336
8.05,161,0.05,420,1.0e-6,4,4,false,14.073076336
8.1,162,0.05,420,1.0e-6,4,4,false,14.073076336
8.15,163,0.05,420,1.0e-6,4,4,false,14.073076336
8.2,164,0.05,420,1.0e-6,4,4,false,14.073076336
8.25,165,0.05,420,1.0e-6,4,4,false,14.073076336
8.3,166,0.05,420,1.0e-6,4,4,false,14.073076336
8.35,167,0.05,420,1.0e-6,4,4,false,14.073076336
8.4,168,0.05,420,1.0e-6,4,4,false,14.073076336
8.45,169,0.05,420,1.0e-6,4,4,false,14.073076336
8.5,170,0.05,420,1.0e-6,4,4,false,14.073076336
8.55,171,0.05,420,1.0e-6,4,4,false,14.073076336
8.6,172,0.05,420,1.0e-6,4,4,false,14.073076336
8.65,173,0.05,420,1.0e-6,4,4,false,14.073076336
8.7,174,0.05,420,1.0e-6,4,4,false,14.073076336
8.75,175,0.05,420,1.0e-6,4,4,false,14.073076336
8.8,176,0.05,420,1.0e-6,4,4,false,14.073076336
8.85,177,0.05,420,1.0e-6,4,4,false,14.073076336
8.9,178,0.05,420,1.0e-6,4,4,false,14.073076336
8.95,179,0.05,420,1.0e-6,4,4,false,14.073076336
9.0,180,0.05,420,1.0e-6,4,4,false,14.073076336
9.05,181,0.05,420,1.0e-6,4,4,false,14.073076336
9.1,182,0.05,420,1.0e-6,4,4,false,14.073076336
9.15,183,0.05,420,1.0e-6,4,4,false,14.073076336
9.2,184,0.05,420,1.0e-6,4,4,false,14.073076336
9.25,185,0.05,420,1.0e-6,4,4,false,14.073076336
9.3,186,0.05,420,1.0e-6,4,4,false,14.073076336
9.35,187,0.05,420,1.0e-6,4,4,false,14.073076336
9.4,188,0.05,420,1.0e-6,4,4,false,14.073076336
9.45,189,0.05,420,1.0e-6,4,4,false,14.073076336
9.5,190,0.05,420,1.0e-6,4,4,false,14.073076336
9.55,191,0.05,420,1.0e-6,4,4,false,14.073076336
9.6,192,0.05,420,1.0e-6,4,4,false,14.073076336
9.65,193,0.05,420,1.0e-6,4,4,false,14.073076336
9.7,194,0.05,420,1.0e-6,4,4,false,14.073076336
9.75,195,0.05,420,1.0e-6,4,4,false,14.073076336
9.8,196,0.05,420,1.0e-6,4,4,false,14.073076336
9.85,197,0.05,420,1.0e-6,4,4,false,14.073076336
9.9,198,0.05,420,1.0e-6,4,4,false,14.073076336
9.95,199,0.05,420,1.0e-6,4,4,false,14.073076336
10.0,200,0.05,420,1.0e-6,4,4,false,14.073076336
10.05,201,0.05,420,1.0e-6,4,4,false,14.073076336
10.1,202,0.05,420,1.0e-6,4,4,false,14.073076336
10.15,203,0.05,420,1.0e-6,4,4,false,14.073076336
10.2,204,0.05,420,1.0e-6,4,4,false,14.073076336
10.25,205,0.05,420,1.0e-6,4,4,false,14.073076336
10.3,206,0.05,420,1.0e-6,4,4,false,14.073076336
10.35,207,0.05,420,1.0e-6,4,4,false,14.073076336
10.4,208,0.05,420,1.0e-6,4,4,false,14.073076336
10.45,209,0.05,420,1.0e-6,4,4,false,14.073076336
10.5,210,0.05,420,1.0e-6,4,4,false,14.073076336
10.55,211,0.05,420,1.0e-6,4,4,false,14.073076336
10.6,212,0.05,420,1.0e-6,4,4,false,14.073076336
10.65,213,0.05,420,1.0e-6,4,4,false,14.073076336
10.7,214,0.05,420,1.0e-6,4,4,false,14.073076336
10.75,215,0.05,420,1.0e-6,4,4,false,14.073076336
10.8,216,0.05,420,1.0e-6,4,4,false,14.073076336
10.85,217,0.05,420,1.0e-6,4,4,false,14.073076336
10.9,218,0.05,420,1.0e-6,4,4,false,14.073076336
10.95,219,0.05,420,1.0e-6,4,4,false,14.073076336
11.0,220,0.05,420,1.0e-6,4,4,false,14.073076336
11.05,221,0.05,420,1.0e-6,4,4,false,14.073076336
11.1,222,0.05,420,1.0e-6,4,4,false,14.073076336
11.15,223,0.05,420,1.0e-6,4,4,false,14.073076336
11.2,224,0.05,420,1.0e-6,4,4,false,14.073076336
11.25,225,0.05,420,1.0e-6,4,4,false,14.073076336
11.3,226,0.05,420,1.0e-6,4,4,false,14.073076336
11.35,227,0.05,420,1.0e-6,4,4,false,14.073076336
11.4,228,0.05,420,1.0e-6,4,4,false,14.073076336
11.45,229,0.05,420,1.0e-6,4,4,false,14.073076336
11.5,230,0.05,420,1.0e-6,4,4,false,14.073076336
11.55,231,0.05,420,1.0e-6,4,4,false,14.073076336
11.6,232,0.05,420,1.0e-6,4,4,false,14.073076336
11.65,233,0.05,420,1.0e-6,4,4,false,14.073076336
11.7,234,0.05,420,1.0e-6,4,4,false,14.073076336
11.75,235,0.05,420,1.0e-6,4,4,false,14.073076336
11.8,236,0.05,420,1.0e-6,4,4,false,14.073076336
11.85,237,0.05,420,1.0e-6,4,4,false,14.073076336
11.9,238,0.05,420,1.0e-6,4,4,false,14.073076336
11.95,239,0.05,420,1.0e-6,4,4,false,14.073076336
12.0,240,0.05,420,1.0e-6,4,4,false,14.073076336
12.05,241,0.05,420,1.0e-6,4,4,false,14.073076336
12.1,242,0.05,420,1.0e-6,4,4,false,14.073076336
12.15,243,0.05,420,1.0e-6,4,4,false,14.073076336
12.2,244,0.05,420,1.0e-6,4,4,false,14.073076336
12.25,245,0.05,420,1.0e-6,4,4,false,14.073076336
12.3,246,0.05,420,1.0e-6,4,4,false,14.073076336
12.35,247,0.05,420,1.0e-6,4,4,false,14.073076336
12.4,248,0.05,420,1.0e-6,4,4,false,14.073076336
12.45,249,0.05,420,1.0e-6,4,4,false,14.073076336
12.5,250,0.05,420,1.0e-6,4,4,false,14.073076336
12.55,251,0.05,420,1.0e-6,4,4,false,14.073076336
12.6,252,0.05,420,1.0e-6,4,4,false,14.073076336
12.65,253,0.05,420,1.0e-6,4,4,false,14.073076336
12.7,254,0.05,420,1.0e-6,4,4,false,14.073076336
12.75,255,0.05,420,1.0e-6,4,4,false,14.073076336
12.8,256,0.05,420,1.0e-6,4,4,false,14.073076336
12.85,257,0.05,420,1.0e-6,4,4,false,14.073076336
12.9,258,0.05,420,1.0e-6,4,4,false,14.073076336
12.95,259,0.05,420,1.0e-6,4,4,false,14.073076336
13.0,260,0.05,420,1.0e-6,4,4,false,14.073076336
13.05,261,0.05,420,1.0e-6,4,4,false,14.073076336
13.1,262,0.05,420,1.0e-6,4,4,false,14.073076336
13.15,263,0.05,420,1.0e-6,4,4,false,14.073076336
13.2,264,0.05,420,1.0e-6,4,4,false,14.073076336
13.25,265,0.05,420,1.0e-6,4,4,false,14.073076336
13.3,266,0.05,420,1.0e-6,4,4,false,14.073076336
13.35,267,0.05,420,1.0e-6,4,4,false,14.073076336
13.4,268,0.05,420,1.0e-6,4,4,false,14.073076336
13.45,269,0.05,420,1.0e-6,4,4,false,14.073076336
13.5,270,0.05,420,1.0e-6,4,4,false,14.073076336
13.55,271,0.05,420,1.0e-6,4,4,false,14.073076336
13.6,272,0.05,420,1.0e-6,4,4,false,14.073076336
13.65,273,0.05,420,1.0e-6,4,4,false,14.073076336
13.7,274,0.05,420,1.0e-6,4,4,false,14.073076336
13.75,275,0.05,420,1.0e-6,4,4,false,14.073076336
13.8,276,0.05,420,1.0e-6,4,4,false,14.073076336
13.85,277,0.05,420,1.0e-6,4,4,false,14.073076336
13.9,278,0.05,420,1.0e-6,4,4,false,14.073076336
13.95,279,0.05,420,1.0e-6,4,4,false,14.073076336
14.0,280,0.05,420,1.0e-6,4,4,false,14.073076336
14.05,281,0.05,420,1.0e-6,4,4,false,14.073076336
14.1,282,0.05,420,1.0e-6,4,4,false,14.073076336
14.15,283,0.05,420,1.0e-6,4,4,false,14.073076336
14.2,284,0.05,420,1.0e-6,4,4,false,14.073076336
14.25,285,0.05,420,1.0e-6,4,4,false,14.073076336
14.3,286,0.05,420,1.0e-6,4,4,false,14.073076336
14.35,287,0.05,420,1.0e-6,4,4,false,14.073076336
14.4,288,0.05,420,1.0e-6,4,4,false,14.073076336
14.45,289,0.05,420,1.0e-6,4,4,false,14.073076336
14.5,290,0.05,420,1.0e-6,4,4,false,14.073076336
14.55,291,0.05,420,1.0e-6,4,4,false,14.073076336
14.6,292,0.05,420,1.0e-6,4,4,false,14.073076336
14.65,293,0.05,420,1.0e-6,4,4,false,14.073076336
14.7,294,0.05,420,1.0e-6,4,4,false,14.073076336
14.75,295,0.05,420,1.0e-6,4,4,false,14.073076336
14.8,296,0.05,420,1.0e-6,4,4,false,14.073076336
14.85,297,0.05,420,1.0e-6,4,4,false,14.073076336
14.9,298,0.05,420,1.0e-6,4,4,false,14.073076336
14.95,299,0.05,420,1.0e-6,4,4,false,14.073076336
15.0,300,0.05,420,1.0e-6,4,4,false,14.073076336
15.05,301,0.05,420,1.0e-6,4,4,false,14.073076336
15.1,302,0.05,420,1.0e-6,4,4,false,14.073076336
15.15,303,0.05,420,1.0e-6,4,4,false,14.073076336
15.2,304,0.05,420,1.0e-6,4,4,false,14.073076336
15.25,305,0.05,420,1.0e-6,4,4,false,14.073076336
15.3,306,0.05,420,1.0e-6,4,4,false,14.073076336
15.35,307,0.05,420,1.0e-6,4,4,false,14.073076336
15.4,308,0.05,420,1.0e-6,4,4,false,14.073076336
15.45,309,0.05,420,1.0e-6,4,4,false,14.073076336
15.5,310,0.05,420,1.0e-6,4,4,false,14.073076336
15.55,311,0.05,420,1.0e-6,4,4,false,14.073076336
15.6,312,0.05,420,1.0e-6,4,4,false,14.073076336
15.65,313,0.05,420,1.0e-6,4,4,false,14.073076336
15.7,314,0.05,420,1.0e-6,4,4,false,14.073076336
15.75,315,0.05,420,1.0e-6,4,4,false,14.073076336
15.8,316,0.05,420,1.0e-6,4,4,false,14.073076336
15.85,317,0.05,420,1.0e-6,4,4,false,14.073076336
15.9,318,0.05,420,1.0e-6,4,4,false,14.073076336
15.95,319,0.05,420,1.0e-6,4,4,false,14.073076336
16.0,320,0.05,420,1.0e-6,4,4,false,14.073076336
16.05,321,0.05,420,1.0e-6,4,4,false,14.073076336
16.1,322,0.05,420,1.0e-6,4,4,false,14.073076336
16.15,323,0.05,420,1.0e-6,4,4,false,14.073076336
16.2,324,0.05,420,1.0e-6,4,4,false,14.073076336
16.25,325,0.05,420,1.0e-6,4,4,false,14.073076336
16.3,326,0.05,420,1.0e-6,4,4,false,14.073076336
16.35,327,0.05,420,1.0e-6,4,4,false,14.073076336
16.4,328,0.05,420,1.0e-6,4,4,false,14.073076336
16.45,329,0.05,420,1.0e-6,4,4,false,14.073076336
16.5,330,0.05,420,1.0e-6,4,4,false,14.073076336
16.55,331,0.05,420,1.0e-6,4,4,false,14.073076336
16.6,332,0.05,420,1.0e-6,4,4,false,14.073076336
16.65,333,0.05,420,1.0e-6,4,4,false,14.073076336
16.7,334,0.05,420,1.0e-6,4,4,false,14.073076336
16.75,335,0.05,420,1.0e-6,4,4,false,14.073076336
16.8,336,0.05,420,1.0e-6,4,4,false,14.073076336
16.85,337,0.05,420,1.0e-6,4,4,false,14.073076336
16.9,338,0.05,420,1.0e-6,4,4,false,14.073076336
16.95,339,0.05,420,1.0e-6,4,4,false,14.073076336
17.0,340,0.05,420,1.0e-6,4,4,false,14.073076336
17.05,341,0.05,420,1.0e-6,4,4,false,14.073076336
17.1,342,0.05,420,1.0e-6,4,4,false,14.073076336
17.15,343,0.05,420,1.0e-6,4,4,false,14.073076336
17.2,344,0.05,420,1.0e-6,4,4,false,14.073076336
17.25,345,0.05,420,1.0e-6,4,4,false,14.073076336
17.3,346,0.05,420,1.0e-6,4,4,false,14.073076336
17.35,347,0.05,420,1.0e-6,4,4,false,14.073076336
17.4,348,0.05,420,1.0e-6,4,4,false,14.073076336
17.45,349,0.05,420,1.0e-6,4,4,false,14.073076336
17.5,350,0.05,420,1.0e-6,4,4,false,14.073076336
17.55,351,0.05,420,1.0e-6,4,4,false,14.073076336
17.6,352,0.05,420,1.0e-6,4,4,false,14.073076336
17.65,353,0.05,420,1.0e-6,4,4,false,14.073076336
17.7,354,0.05,420,1.0e-6,4,4,false,14.073076336
17.75,355,0.05,420,1.0e-6,4,4,false,14.073076336
17.8,356,0.05,420,1.0e-6,4,4,false,14.073076336
17.85,357,0.05,420,1.0e-6,4,4,false,14.073076336
17.9,358,0.05,420,1.0e-6,4,4,false,14.073076336
17.95,359,0.05,420,1.0e-6,4,4,false,14.073076336
18.0,360,0.05,420,1.0e-6,4,4,false,14.073076336
18.05,361,0.05,420,1.0e-6,4,4,false,14.073076336
18.1,362,0.05,420,1.0e-6,4,4,false,14.073076336
18.15,363,0.05,420,1.0e-6,4,4,false,14.073076336
18.2,364,0.05,420,1.0e-6,4,4,false,14.073076336
18.25,365,0.05,420,1.0e-6,4,4,false,14.073076336
18.3,366,0.05,420,1.0e-6,4,4,false,14.073076336
18.35,367,0.05,420,1.0e-6,4,4,false,14.073076336
18.4,368,0.05,420,1.0e-6,4,4,false,14.073076336
18.45,369,0.05,420,1.0e-6,4,4,false,14.073076336
18.5,370,0.05,420,1.0e-6,4,4,false,14.073076336
18.55,371,0.05,420,1.0e-6,4,4,false,14.073076336
18.6,372,0.05,420,1.0e-6,4,4,false,14.073076336
18.65,373,0.05,420,1.0e-6,4,4,false,14.073076336
18.7,374,0.05,420,1.0e-6,4,4,false,14.073076336
18.75,375,0.05,420,1.0e-6,4,4,false,14.073076336
18.8,376,0.05,420,1.0e-6,4,4,false,14.073076336
18.85,377,0.05,420,1.0e-6,4,4,false,14.073076336
18.9,378,0.05,420,1.0e-6,4,4,false,14.073076336
18.95,379,0.05,420,1.0e-6,4,4,false,14.073076336
19.0,380,0.05,420,1.0e-6,4,4,false,14.073076336
19.05,381,0.05,420,1.0e-6,4,4,false,14.073076336
19.1,382,0.05,420,1.0e-6,4,4,false,14.073076336
19.15,383,0.05,420,1.0e-6,4,4,false,14.073076336
19.2,384,0.05,420,1.0e-6,4,4,false,14.073076336
19.25,385,0.05,420,1.0e-6,4,4,false,14.073076336
19.3,386,0.05,420,1.0e-6,4,4,false,14.073076336
19.35,387,0.05,420,1.0e-6,4,4,false,14.073076336
19.4,388,0.05,420,1.0e-6,4,4,false,14.073076336
19.45,389,0.05,420,1.0e-6,4,4,false,14.073076336
19.5,390,0.05,420,1.0e-6,4,4,false,14.073076336
19.55,391,0.05,420,1.0e-6,4,4,false,14.073076336
19.6,392,0.05,420,1.0e-6,4,4,false,14.073076336
19.65,393,0.05,420,1.0e-6,4,4,false,14.073076336
19.7,394,0.05,420,1.0e-6,4,4,false,14.073076336
19.75,395,0.05,420,1.0e-6,4,4,false,14.073076336
19.8,396,0.05,420,1.0e-6,4,4,false,14.073076336
19.85,397,0.05,420,1.0e-6,4,4,false,14.073076336
19.9,398,0.05,420,1.0e-6,4,4,false,14.073076336
19.95,399,0.05,420,1.0e-6,4,4,false,14.073076336
20.0,400,0.05,420,1.0e-6,4,4,false,14.073076336
20.05,401,0.05,420,1.0e-6,4,4,false,14.073076336
20.1,402,0.05,420,1.0e-6,4,4,false,14.073076336
20.15,403,0.05,420,1.0e-6,4,4,false,14.073076336
20.2,404,0.05,420,1.0e-6,4,4,false,14.073076336
20.25,405,0.05,420,1.0e-6,4,4,false,14.073076336
20.3,406,0.05,420,1.0e-6,4,4,false,14.073076336
20.35,407,0.05,420,1.0e-6,4,4,false,14.073076336
20.4,408,0.05,420,1.0e-6,4,4,false,14.073076336
20.45,409,0.05,420,1.0e-6,4,4,false,14.073076336
20.5,410,0.05,420,1.0e-6,4,4,false,14.073076336
20.55,411,0.05,420,1.0e-6,4,4,false,14.073076336
20.6,412,0.05,420,1.0e-6,4,4,false,14.073076336
20.65,413,0.05,420,1.0e-6,4,4,false,14.073076336
20.7,414,0.05,420,1.0e-6,4,4,false,14.073076336
20.75,415,0.05,420,1.0e-6,4,4,false,14.073076336
20.8,416,0.05,420,1.0e-6,4,4,false,14.073076336
20.85,417,0.05,420,1.0e-6,4,4,false,14.073076336
20.9,418,0.05,420,1.0e-6,4,4,false,14.073076336
20.95,419,0.05,420,1.0e-6,4,4,false,14.073076336
21.0,420,0.05,420,1.0e-6,1,4,false,14.073076336
0.0,0,0.05,420,1.0e-8,1,10,false,42.402139969
0.05,1,0.05,420,1.0e-8,7,10,false,42.402139969
0.1,2,0.05,420,1.0e-8,7,10,false,42.402139969
0.15,3,0.05,420,1.0e-8,7,10,false,42.402139969
0.2,4,0.05,420,1.0e-8,7,10,false,42.402139969
0.25,5,0.05,420,1.0e-8,8,10,false,42.402139969
0.3,6,0.05,420,1.0e-8,8,10,false,42.402139969
0.35,7,0.05,420,1.0e-8,8,10,false,42.402139969
0.4,8,0.05,420,1.0e-8,8,10,false,42.402139969
0.45,9,0.05,420,1.0e-8,8,10,false,42.402139969
0.5,10,0.05,420,1.0e-8,9,10,false,42.402139969
0.55,11,0.05,420,1.0e-8,9,10,false,42.402139969
0.6,12,0.05,420,1.0e-8,9,10,false,42.402139969
0.65,13,0.05,420,1.0e-8,9,10,false,42.402139969
0.7,14,0.05,420,1.0e-8,9,10,false,42.402139969
0.75,15,0.05,420,1.0e-8,9,10,false,42.402139969
0.8,16,0.05,420,1.0e-8,9,10,false,42.402139969
0.85,17,0.05,420,1.0e-8,9,10,false,42.402139969
0.9,18,0.05,420,1.0e-8,9,10,false,42.402139969
0.95,19,0.05,420,1.0e-8,9,10,false,42.402139969
1.0,20,0.05,420,1.0e-8,9,10,false,42.402139969
1.05,21,0.05,420,1.0e-8,9,10,false,42.402139969
1.1,22,0.05,420,1.0e-8,10,10,false,42.402139969
1.15,23,0.05,420,1.0e-8,10,10,false,42.402139969
1.2,24,0.05,420,1.0e-8,10,10,false,42.402139969
1.25,25,0.05,420,1.0e-8,10,10,false,42.402139969
1.3,26,0.05,420,1.0e-8,10,10,false,42.402139969
1.35,27,0.05,420,1.0e-8,10,10,false,42.402139969
1.4,28,0.05,420,1.0e-8,10,10,false,42.402139969
1.45,29,0.05,420,1.0e-8,10,10,false,42.402139969
1.5,30,0.05,420,1.0e-8,10,10,false,42.402139969
1.55,31,0.05,420,1.0e-8,10,10,false,42.402139969
1.6,32,0.05,420,1.0e-8,10,10,false,42.402139969
1.65,33,0.05,420,1.0e-8,10,10,false,42.402139969
1.7,34,0.05,420,1.0e-8,10,10,false,42.402139969
1.75,35,0.05,420,1.0e-8,10,10,false,42.402139969
1.8,36,0.05,420,1.0e-8,10,10,false,42.402139969
1.85,37,0.05,420,1.0e-8,10,10,false,42.402139969
1.9,38,0.05,420,1.0e-8,10,10,false,42.402139969
1.95,39,0.05,420,1.0e-8,10,10,false,42.402139969
2.0,40,0.05,420,1.0e-8,10,10,false,42.402139969
2.05,41,0.05,420,1.0e-8,10,10,false,42.402139969
2.1,42,0.05,420,1.0e-8,10,10,false,42.402139969
2.15,43,0.05,420,1.0e-8,10,10,false,42.402139969
2.2,44,0.05,420,1.0e-8,10,10,false,42.402139969
2.25,45,0.05,420,1.0e-8,10,10,false,42.402139969
2.3,46,0.05,420,1.0e-8,10,10,false,42.402139969
2.35,47,0.05,420,1.0e-8,10,10,false,42.402139969
2.4,48,0.05,420,1.0e-8,10,10,false,42.402139969
2.45,49,0.05,420,1.0e-8,10,10,false,42.402139969
2.5,50,0.05,420,1.0e-8,10,10,false,42.402139969
2.55,51,0.05,420,1.0e-8,10,10,false,42.402139969
2.6,52,0.05,420,1.0e-8,10,10,false,42.402139969
2.65,53,0.05,420,1.0e-8,10,10,false,42.402139969
2.7,54,0.05,420,1.0e-8,10,10,false,42.402139969
2.75,55,0.05,420,1.0e-8,10,10,false,42.402139969
2.8,56,0.05,420,1.0e-8,10,10,false,42.402139969
2.85,57,0.05,420,1.0e-8,10,10,false,42.402139969
2.9,58,0.05,420,1.0e-8,10,10,false,42.402139969
2.95,59,0.05,420,1.0e-8,10,10,false,42.402139969
3.0,60,0.05,420,1.0e-8,10,10,false,42.402139969
3.05,61,0.05,420,1.0e-8,10,10,false,42.402139969
3.1,62,0.05,420,1.0e-8,10,10,false,42.402139969
3.15,63,0.05,420,1.0e-8,10,10,false,42.402139969
3.2,64,0.05,420,1.0e-8,10,10,false,42.402139969
3.25,65,0.05,420,1.0e-8,10,10,false,42.402139969
3.3,66,0.05,420,1.0e-8,10,10,false,42.402139969
3.35,67,0.05,420,1.0e-8,10,10,false,42.402139969
3.4,68,0.05,420,1.0e-8,10,10,false,42.402139969
3.45,69,0.05,420,1.0e-8,10,10,false,42.402139969
3.5,70,0.05,420,1.0e-8,10,10,false,42.402139969
3.55,71,0.05,420,1.0e-8,10,10,false,42.402139969
3.6,72,0.05,420,1.0e-8,10,10,false,42.402139969
3.65,73,0.05,420,1.0e-8,10,10,false,42.402139969
3.7,74,0.05,420,1.0e-8,10,10,false,42.402139969
3.75,75,0.05,420,1.0e-8,10,10,false,42.402139969
3.8,76,0.05,420,1.0e-8,10,10,false,42.402139969
3.85,77,0.05,420,1.0e-8,10,10,false,42.402139969
3.9,78,0.05,420,1.0e-8,10,10,false,42.402139969
3.95,79,0.05,420,1.0e-8,10,10,false,42.402139969
4.0,80,0.05,420,1.0e-8,10,10,false,42.402139969
4.05,81,0.05,420,1.0e-8,10,10,false,42.402139969
4.1,82,0.05,420,1.0e-8,10,10,false,42.402139969
4.15,83,0.05,420,1.0e-8,10,10,false,42.402139969
4.2,84,0.05,420,1.0e-8,10,10,false,42.402139969
4.25,85,0.05,420,1.0e-8,10,10,false,42.402139969
4.3,86,0.05,420,1.0e-8,10,10,false,42.402139969
4.35,87,0.05,420,1.0e-8,10,10,false,42.402139969
4.4,88,0.05,420,1.0e-8,10,10,false,42.402139969
4.45,89,0.05,420,1.0e-8,10,10,false,42.402139969
4.5,90,0.05,420,1.0e-8,10,10,false,42.402139969
4.55,91,0.05,420,1.0e-8,10,10,false,42.402139969
4.6,92,0.05,420,1.0e-8,10,10,false,42.402139969
4.65,93,0.05,420,1.0e-8,10,10,false,42.402139969
4.7,94,0.05,420,1.0e-8,10,10,false,42.402139969
4.75,95,0.05,420,1.0e-8,10,10,false,42.402139969
4.8,96,0.05,420,1.0e-8,10,10,false,42.402139969
4.85,97,0.05,420,1.0e-8,10,10,false,42.402139969
4.9,98,0.05,420,1.0e-8,10,10,false,42.402139969
4.95,99,0.05,420,1.0e-8,10,10,false,42.402139969
5.0,100,0.05,420,1.0e-8,10,10,false,42.402139969
5.05,101,0.05,420,1.0e-8,10,10,false,42.402139969
5.1,102,0.05,420,1.0e-8,10,10,false,42.402139969
5.15,103,0.05,420,1.0e-8,10,10,false,42.402139969
5.2,104,0.05,420,1.0e-8,10,10,false,42.402139969
5.25,105,0.05,420,1.0e-8,10,10,false,42.402139969
5.3,106,0.05,420,1.0e-8,10,10,false,42.402139969
5.35,107,0.05,420,1.0e-8,10,10,false,42.402139969
5.4,108,0.05,420,1.0e-8,10,10,false,42.402139969
5.45,109,0.05,420,1.0e-8,10,10,false,42.402139969
5.5,110,0.05,420,1.0e-8,10,10,false,42.402139969
5.55,111,0.05,420,1.0e-8,10,10,false,42.402139969
5.6,112,0.05,420,1.0e-8,10,10,false,42.402139969
5.65,113,0.05,420,1.0e-8,10,10,false,42.402139969
5.7,114,0.05,420,1.0e-8,10,10,false,42.402139969
5.75,115,0.05,420,1.0e-8,10,10,false,42.402139969
5.8,116,0.05,420,1.0e-8,10,10,false,42.402139969
5.85,117,0.05,420,1.0e-8,10,10,false,42.402139969
5.9,118,0.05,420,1.0e-8,10,10,false,42.402139969
5.95,119,0.05,420,1.0e-8,10,10,false,42.402139969
6.0,120,0.05,420,1.0e-8,10,10,false,42.402139969
6.05,121,0.05,420,1.0e-8,10,10,false,42.402139969
6.1,122,0.05,420,1.0e-8,10,10,false,42.402139969
6.15,123,0.05,420,1.0e-8,10,10,false,42.402139969
6.2,124,0.05,420,1.0e-8,10,10,false,42.402139969
6.25,125,0.05,420,1.0e-8,10,10,false,42.402139969
6.3,126,0.05,420,1.0e-8,10,10,false,42.402139969
6.35,127,0.05,420,1.0e-8,10,10,false,42.402139969
6.4,128,0.05,420,1.0e-8,10,10,false,42.402139969
6.45,129,0.05,420,1.0e-8,10,10,false,42.402139969
6.5,130,0.05,420,1.0e-8,10,10,false,42.402139969
6.55,131,0.05,420,1.0e-8,10,10,false,42.402139969
6.6,132,0.05,420,1.0e-8,10,10,false,42.402139969
6.65,133,0.05,420,1.0e-8,10,10,false,42.402139969
6.7,134,0.05,420,1.0e-8,10,10,false,42.402139969
6.75,135,0.05,420,1.0e-8,10,10,false,42.402139969
6.8,136,0.05,420,1.0e-8,10,10,false,42.402139969
6.85,137,0.05,420,1.0e-8,10,10,false,42.402139969
6.9,138,0.05,420,1.0e-8,10,10,false,42.402139969
6.95,139,0.05,420,1.0e-8,10,10,false,42.402139969
7.0,140,0.05,420,1.0e-8,10,10,false,42.402139969
7.05,141,0.05,420,1.0e-8,10,10,false,42.402139969
7.1,142,0.05,420,1.0e-8,10,10,false,42.402139969
7.15,143,0.05,420,1.0e-8,10,10,false,42.402139969
7.2,144,0.05,420,1.0e-8,10,10,false,42.402139969
7.25,145,0.05,420,1.0e-8,10,10,false,42.402139969
7.3,146,0.05,420,1.0e-8,10,10,false,42.402139969
7.35,147,0.05,420,1.0e-8,10,10,false,42.402139969
7.4,148,0.05,420,1.0e-8,10,10,false,42.402139969
7.45,149,0.05,420,1.0e-8,10,10,false,42.402139969
7.5,150,0.05,420,1.0e-8,10,10,false,42.402139969
7.55,151,0.05,420,1.0e-8,10,10,false,42.402139969
7.6,152,0.05,420,1.0e-8,10,10,false,42.402139969
7.65,153,0.05,420,1.0e-8,10,10,false,42.402139969
7.7,154,0.05,420,1.0e-8,10,10,false,42.402139969
7.75,155,0.05,420,1.0e-8,10,10,false,42.402139969
7.8,156,0.05,420,1.0e-8,10,10,false,42.402139969
7.85,157,0.05,420,1.0e-8,10,10,false,42.402139969
7.9,158,0.05,420,1.0e-8,10,10,false,42.402139969
7.95,159,0.05,420,1.0e-8,10,10,false,42.402139969
8.0,160,0.05,420,1.0e-8,10,10,false,42.402139969
8.05,161,0.05,420,1.0e-8,10,10,false,42.402139969
8.1,162,0.05,420,1.0e-8,10,10,false,42.402139969
8.15,163,0.05,420,1.0e-8,10,10,false,42.402139969
8.2,164,0.05,420,1.0e-8,10,10,false,42.402139969
8.25,165,0.05,420,1.0e-8,10,10,false,42.402139969
8.3,166,0.05,420,1.0e-8,10,10,false,42.402139969
8.35,167,0.05,420,1.0e-8,10,10,false,42.402139969
8.4,168,0.05,420,1.0e-8,10,10,false,42.402139969
8.45,169,0.05,420,1.0e-8,10,10,false,42.402139969
8.5,170,0.05,420,1.0e-8,10,10,false,42.402139969
8.55,171,0.05,420,1.0e-8,10,10,false,42.402139969
8.6,172,0.05,420,1.0e-8,10,10,false,42.402139969
8.65,173,0.05,420,1.0e-8,10,10,false,42.402139969
8.7,174,0.05,420,1.0e-8,10,10,false,42.402139969
8.75,175,0.05,420,1.0e-8,10,10,false,42.402139969
8.8,176,0.05,420,1.0e-8,10,10,false,42.402139969
8.85,177,0.05,420,1.0e-8,10,10,false,42.402139969
8.9,178,0.05,420,1.0e-8,10,10,false,42.402139969
8.95,179,0.05,420,1.0e-8,10,10,false,42.402139969
9.0,180,0.05,420,1.0e-8,10,10,false,42.402139969
9.05,181,0.05,420,1.0e-8,10,10,false,42.402139969
9.1,182,0.05,420,1.0e-8,10,10,false,42.402139969
9.15,183,0.05,420,1.0e-8,10,10,false,42.402139969
9.2,184,0.05,420,1.0e-8,10,10,false,42.402139969
9.25,185,0.05,420,1.0e-8,10,10,false,42.402139969
9.3,186,0.05,420,1.0e-8,10,10,false,42.402139969
9.35,187,0.05,420,1.0e-8,10,10,false,42.402139969
9.4,188,0.05,420,1.0e-8,10,10,false,42.402139969
9.45,189,0.05,420,1.0e-8,10,10,false,42.402139969
9.5,190,0.05,420,1.0e-8,10,10,false,42.402139969
9.55,191,0.05,420,1.0e-8,10,10,false,42.402139969
9.6,192,0.05,420,1.0e-8,10,10,false,42.402139969
9.65,193,0.05,420,1.0e-8,10,10,false,42.402139969
9.7,194,0.05,420,1.0e-8,10,10,false,42.402139969
9.75,195,0.05,420,1.0e-8,10,10,false,42.402139969
9.8,196,0.05,420,1.0e-8,10,10,false,42.402139969
9.85,197,0.05,420,1.0e-8,10,10,false,42.402139969
9.9,198,0.05,420,1.0e-8,10,10,false,42.402139969
9.95,199,0.05,420,1.0e-8,10,10,false,42.402139969
10.0,200,0.05,420,1.0e-8,10,10,false,42.402139969
10.05,201,0.05,420,1.0e-8,10,10,false,42.402139969
10.1,202,0.05,420,1.0e-8,10,10,false,42.402139969
10.15,203,0.05,420,1.0e-8,10,10,false,42.402139969
10.2,204,0.05,420,1.0e-8,10,10,false,42.402139969
10.25,205,0.05,420,1.0e-8,10,10,false,42.402139969
10.3,206,0.05,420,1.0e-8,10,10,false,42.402139969
10.35,207,0.05,420,1.0e-8,10,10,false,42.402139969
10.4,208,0.05,420,1.0e-8,10,10,false,42.402139969
10.45,209,0.05,420,1.0e-8,10,10,false,42.402139969
10.5,210,0.05,420,1.0e-8,10,10,false,42.402139969
10.55,211,0.05,420,1.0e-8,10,10,false,42.402139969
10.6,212,0.05,420,1.0e-8,10,10,false,42.402139969
10.65,213,0.05,420,1.0e-8,10,10,false,42.402139969
10.7,214,0.05,420,1.0e-8,10,10,false,42.402139969
10.75,215,0.05,420,1.0e-8,10,10,false,42.402139969
10.8,216,0.05,420,1.0e-8,10,10,false,42.402139969
10.85,217,0.05,420,1.0e-8,10,10,false,42.402139969
10.9,218,0.05,420,1.0e-8,10,10,false,42.402139969
10.95,219,0.05,420,1.0e-8,10,10,false,42.402139969
11.0,220,0.05,420,1.0e-8,10,10,false,42.402139969
11.05,221,0.05,420,1.0e-8,10,10,false,42.402139969
11.1,222,0.05,420,1.0e-8,10,10,false,42.402139969
11.15,223,0.05,420,1.0e-8,10,10,false,42.402139969
11.2,224,0.05,420,1.0e-8,10,10,false,42.402139969
11.25,225,0.05,420,1.0e-8,10,10,false,42.402139969
11.3,226,0.05,420,1.0e-8,10,10,false,42.402139969
11.35,227,0.05,420,1.0e-8,10,10,false,42.402139969
11.4,228,0.05,420,1.0e-8,10,10,false,42.402139969
11.45,229,0.05,420,1.0e-8,10,10,false,42.402139969
11.5,230,0.05,420,1.0e-8,10,10,false,42.402139969
11.55,231,0.05,420,1.0e-8,10,10,false,42.402139969
11.6,232,0.05,420,1.0e-8,10,10,false,42.402139969
11.65,233,0.05,420,1.0e-8,10,10,false,42.402139969
11.7,234,0.05,420,1.0e-8,10,10,false,42.402139969
11.75,235,0.05,420,1.0e-8,10,10,false,42.402139969
11.8,236,0.05,420,1.0e-8,10,10,false,42.402139969
11.85,237,0.05,420,1.0e-8,10,10,false,42.402139969
11.9,238,0.05,420,1.0e-8,10,10,false,42.402139969
11.95,239,0.05,420,1.0e-8,10,10,false,42.402139969
12.0,240,0.05,420,1.0e-8,10,10,false,42.402139969
12.05,241,0.05,420,1.0e-8,10,10,false,42.402139969
12.1,242,0.05,420,1.0e-8,10,10,false,42.402139969
12.15,243,0.05,420,1.0e-8,10,10,false,42.402139969
12.2,244,0.05,420,1.0e-8,10,10,false,42.402139969
12.25,245,0.05,420,1.0e-8,10,10,false,42.402139969
12.3,246,0.05,420,1.0e-8,10,10,false,42.402139969
12.35,247,0.05,420,1.0e-8,10,10,false,42.402139969
12.4,248,0.05,420,1.0e-8,10,10,false,42.402139969
12.45,249,0.05,420,1.0e-8,10,10,false,42.402139969
12.5,250,0.05,420,1.0e-8,10,10,false,42.402139969
12.55,251,0.05,420,1.0e-8,10,10,false,42.402139969
12.6,252,0.05,420,1.0e-8,10,10,false,42.402139969
12.65,253,0.05,420,1.0e-8,10,10,false,42.402139969
12.7,254,0.05,420,1.0e-8,10,10,false,42.402139969
12.75,255,0.05,420,1.0e-8,10,10,false,42.402139969
12.8,256,0.05,420,1.0e-8,10,10,false,42.402139969
12.85,257,0.05,420,1.0e-8,10,10,false,42.402139969
12.9,258,0.05,420,1.0e-8,10,10,false,42.402139969
12.95,259,0.05,420,1.0e-8,10,10,false,42.402139969
13.0,260,0.05,420,1.0e-8,10,10,false,42.402139969
13.05,261,0.05,420,1.0e-8,10,10,false,42.402139969
13.1,262,0.05,420,1.0e-8,10,10,false,42.402139969
13.15,263,0.05,420,1.0e-8,10,10,false,42.402139969
13.2,264,0.05,420,1.0e-8,10,10,false,42.402139969
13.25,265,0.05,420,1.0e-8,10,10,false,42.402139969
13.3,266,0.05,420,1.0e-8,10,10,false,42.402139969
13.35,267,0.05,420,1.0e-8,10,10,false,42.402139969
13.4,268,0.05,420,1.0e-8,10,10,false,42.402139969
13.45,269,0.05,420,1.0e-8,10,10,false,42.402139969
13.5,270,0.05,420,1.0e-8,10,10,false,42.402139969
13.55,271,0.05,420,1.0e-8,10,10,false,42.402139969
13.6,272,0.05,420,1.0e-8,10,10,false,42.402139969
13.65,273,0.05,420,1.0e-8,10,10,false,42.402139969
13.7,274,0.05,420,1.0e-8,10,10,false,42.402139969
13.75,275,0.05,420,1.0e-8,10,10,false,42.402139969
13.8,276,0.05,420,1.0e-8,10,10,false,42.402139969
13.85,277,0.05,420,1.0e-8,10,10,false,42.402139969
13.9,278,0.05,420,1.0e-8,10,10,false,42.402139969
13.95,279,0.05,420,1.0e-8,10,10,false,42.402139969
14.0,280,0.05,420,1.0e-8,10,10,false,42.402139969
14.05,281,0.05,420,1.0e-8,10,10,false,42.402139969
14.1,282,0.05,420,1.0e-8,10,10,false,42.402139969
14.15,283,0.05,420,1.0e-8,10,10,false,42.402139969
14.2,284,0.05,420,1.0e-8,10,10,false,42.402139969
14.25,285,0.05,420,1.0e-8,10,10,false,42.402139969
14.3,286,0.05,420,1.0e-8,10,10,false,42.402139969
14.35,287,0.05,420,1.0e-8,10,10,false,42.402139969
14.4,288,0.05,420,1.0e-8,10,10,false,42.402139969
14.45,289,0.05,420,1.0e-8,10,10,false,42.402139969
14.5,290,0.05,420,1.0e-8,10,10,false,42.402139969
14.55,291,0.05,420,1.0e-8,10,10,false,42.402139969
14.6,292,0.05,420,1.0e-8,10,10,false,42.402139969
14.65,293,0.05,420,1.0e-8,10,10,false,42.402139969
14.7,294,0.05,420,1.0e-8,10,10,false,42.402139969
14.75,295,0.05,420,1.0e-8,10,10,false,42.402139969
14.8,296,0.05,420,1.0e-8,10,10,false,42.402139969
14.85,297,0.05,420,1.0e-8,10,10,false,42.402139969
14.9,298,0.05,420,1.0e-8,9,10,false,42.402139969
14.95,299,0.05,420,1.0e-8,9,10,false,42.402139969
15.0,300,0.05,420,1.0e-8,9,10,false,42.402139969
15.05,301,0.05,420,1.0e-8,9,10,false,42.402139969
15.1,302,0.05,420,1.0e-8,9,10,false,42.402139969
15.15,303,0.05,420,1.0e-8,9,10,false,42.402139969
15.2,304,0.05,420,1.0e-8,9,10,false,42.402139969
15.25,305,0.05,420,1.0e-8,9,10,false,42.402139969
15.3,306,0.05,420,1.0e-8,9,10,false,42.402139969
15.35,307,0.05,420,1.0e-8,9,10,false,42.402139969
15.4,308,0.05,420,1.0e-8,9,10,false,42.402139969
15.45,309,0.05,420,1.0e-8,9,10,false,42.402139969
15.5,310,0.05,420,1.0e-8,9,10,false,42.402139969
15.55,311,0.05,420,1.0e-8,9,10,false,42.402139969
15.6,312,0.05,420,1.0e-8,9,10,false,42.402139969
15.65,313,0.05,420,1.0e-8,9,10,false,42.402139969
15.7,314,0.05,420,1.0e-8,9,10,false,42.402139969
15.75,315,0.05,420,1.0e-8,9,10,false,42.402139969
15.8,316,0.05,420,1.0e-8,9,10,false,42.402139969
15.85,317,0.05,420,1.0e-8,9,10,false,42.402139969
15.9,318,0.05,420,1.0e-8,9,10,false,42.402139969
15.95,319,0.05,420,1.0e-8,9,10,false,42.402139969
16.0,320,0.05,420,1.0e-8,9,10,false,42.402139969
16.05,321,0.05,420,1.0e-8,9,10,false,42.402139969
16.1,322,0.05,420,1.0e-8,9,10,false,42.402139969
16.15,323,0.05,420,1.0e-8,9,10,false,42.402139969
16.2,324,0.05,420,1.0e-8,9,10,false,42.402139969
16.25,325,0.05,420,1.0e-8,9,10,false,42.402139969
16.3,326,0.05,420,1.0e-8,8,10,false,42.402139969
16.35,327,0.05,420,1.0e-8,8,10,false,42.402139969
16.4,328,0.05,420,1.0e-8,8,10,false,42.402139969
16.45,329,0.05,420,1.0e-8,8,10,false,42.402139969
16.5,330,0.05,420,1.0e-8,8,10,false,42.402139969
16.55,331,0.05,420,1.0e-8,8,10,false,42.402139969
16.6,332,0.05,420,1.0e-8,8,10,false,42.402139969
16.65,333,0.05,420,1.0e-8,8,10,false,42.402139969
16.7,334,0.05,420,1.0e-8,8,10,false,42.402139969
16.75,335,0.05,420,1.0e-8,8,10,false,42.402139969
16.8,336,0.05,420,1.0e-8,7,10,false,42.402139969
16.85,337,0.05,420,1.0e-8,7,10,false,42.402139969
16.9,338,0.05,420,1.0e-8,7,10,false,42.402139969
16.95,339,0.05,420,1.0e-8,7,10,false,42.402139969
17.0,340,0.05,420,1.0e-8,7,10,false,42.402139969
17.05,341,0.05,420,1.0e-8,7,10,false,42.402139969
17.1,342,0.05,420,1.0e-8,7,10,false,42.402139969
17.15,343,0.05,420,1.0e-8,7,10,false,42.402139969
17.2,344,0.05,420,1.0e-8,7,10,false,42.402139969
17.25,345,0.05,420,1.0e-8,7,10,false,42.402139969
17.3,346,0.05,420,1.0e-8,7,10,false,42.402139969
17.35,347,0.05,420,1.0e-8,7,10,false,42.402139969
17.4,348,0.05,420,1.0e-8,7,10,false,42.402139969
17.45,349,0.05,420,1.0e-8,7,10,false,42.402139969
17.5,350,0.05,420,1.0e-8,7,10,false,42.402139969
17.55,351,0.05,420,1.0e-8,7,10,false,42.402139969
17.6,352,0.05,420,1.0e-8,7,10,false,42.402139969
17.65,353,0.05,420,1.0e-8,7,10,false,42.402139969
17.7,354,0.05,420,1.0e-8,7,10,false,42.402139969
17.75,355,0.05,420,1.0e-8,7,10,false,42.402139969
17.8,356,0.05,420,1.0e-8,7,10,false,42.402139969
17.85,357,0.05,420,1.0e-8,7,10,false,42.402139969
17.9,358,0.05,420,1.0e-8,7,10,false,42.402139969
17.95,359,0.05,420,1.0e-8,7,10,false,42.402139969
18.0,360,0.05,420,1.0e-8,7,10,false,42.402139969
18.05,361,0.05,420,1.0e-8,7,10,false,42.402139969
18.1,362,0.05,420,1.0e-8,7,10,false,42.402139969
18.15,363,0.05,420,1.0e-8,7,10,false,42.402139969
18.2,364,0.05,420,1.0e-8,7,10,false,42.402139969
18.25,365,0.05,420,1.0e-8,7,10,false,42.402139969
18.3,366,0.05,420,1.0e-8,7,10,false,42.402139969
18.35,367,0.05,420,1.0e-8,7,10,false,42.402139969
18.4,368,0.05,420,1.0e-8,7,10,false,42.402139969
18.45,369,0.05,420,1.0e-8,7,10,false,42.402139969
18.5,370,0.05,420,1.0e-8,7,10,false,42.402139969
18.55,371,0.05,420,1.0e-8,6,10,false,42.402139969
18.6,372,0.05,420,1.0e-8,6,10,false,42.402139969
18.65,373,0.05,420,1.0e-8,6,10,false,42.402139969
18.7,374,0.05,420,1.0e-8,6,10,false,42.402139969
18.75,375,0.05,420,1.0e-8,6,10,false,42.402139969
18.8,376,0.05,420,1.0e-8,6,10,false,42.402139969
18.85,377,0.05,420,1.0e-8,6,10,false,42.402139969
18.9,378,0.05,420,1.0e-8,6,10,false,42.402139969
18.95,379,0.05,420,1.0e-8,6,10,false,42.402139969
19.0,380,0.05,420,1.0e-8,6,10,false,42.402139969
19.05,381,0.05,420,1.0e-8,5,10,false,42.402139969
19.1,382,0.05,420,1.0e-8,5,10,false,42.402139969
19.15,383,0.05,420,1.0e-8,5,10,false,42.402139969
19.2,384,0.05,420,1.0e-8,5,10,false,42.402139969
19.25,385,0.05,420,1.0e-8,5,10,false,42.402139969
19.3,386,0.05,420,1.0e-8,5,10,false,42.402139969
19.35,387,0.05,420,1.0e-8,5,10,false,42.402139969
19.4,388,0.05,420,1.0e-8,5,10,false,42.402139969
19.45,389,0.05,420,1.0e-8,4,10,false,42.402139969
19.5,390,0.05,420,1.0e-8,4,10,false,42.402139969
19.55,391,0.05,420,1.0e-8,4,10,false,42.402139969
19.6,392,0.05,420,1.0e-8,4,10,false,42.402139969
19.65,393,0.05,420,1.0e-8,4,10,false,42.402139969
19.7,394,0.05,420,1.0e-8,4,10,false,42.402139969
19.75,395,0.05,420,1.0e-8,4,10,false,42.402139969
19.8,396,0.05,420,1.0e-8,4,10,false,42.402139969
19.85,397,0.05,420,1.0e-8,4,10,false,42.402139969
19.9,398,0.05,420,1.0e-8,4,10,false,42.402139969
19.95,399,0.05,420,1.0e-8,4,10,false,42.402139969
20.0,400,0.05,420,1.0e-8,4,10,false,42.402139969
20.05,401,0.05,420,1.0e-8,4,10,false,42.402139969
20.1,402,0.05,420,1.0e-8,4,10,false,42.402139969
20.15,403,0.05,420,1.0e-8,4,10,false,42.402139969
20.2,404,0.05,420,1.0e-8,4,10,false,42.402139969
20.25,405,0.05,420,1.0e-8,4,10,false,42.402139969
20.3,406,0.05,420,1.0e-8,4,10,false,42.402139969
20.35,407,0.05,420,1.0e-8,4,10,false,42.402139969
20.4,408,0.05,420,1.0e-8,4,10,false,42.402139969
20.45,409,0.05,420,1.0e-8,4,10,false,42.402139969
20.5,410,0.05,420,1.0e-8,4,10,false,42.402139969
20.55,411,0.05,420,1.0e-8,4,10,false,42.402139969
20.6,412,0.05,420,1.0e-8,4,10,false,42.402139969
20.65,413,0.05,420,1.0e-8,4,10,false,42.402139969
20.7,414,0.05,420,1.0e-8,4,10,false,42.402139969
20.75,415,0.05,420,1.0e-8,4,10,false,42.402139969
20.8,416,0.05,420,1.0e-8,4,10,false,42.402139969
20.85,417,0.05,420,1.0e-8,4,10,false,42.402139969
20.9,418,0.05,420,1.0e-8,4,10,false,42.402139969
20.95,419,0.05,420,1.0e-8,4,10,false,42.402139969
21.0,420,0.05,420,1.0e-8,1,10,false,42.402139969
0.0,0,0.05,420,1.0e-10,1,11,false,108.204989584
0.05,1,0.05,420,1.0e-10,10,11,false,108.204989584
0.1,2,0.05,420,1.0e-10,11,11,false,108.204989584
0.15,3,0.05,420,1.0e-10,11,11,false,108.204989584
0.2,4,0.05,420,1.0e-10,11,11,false,108.204989584
0.25,5,0.05,420,1.0e-10,11,11,false,108.204989584
0.3,6,0.05,420,1.0e-10,11,11,false,108.204989584
0.35,7,0.05,420,1.0e-10,11,11,false,108.204989584
0.4,8,0.05,420,1.0e-10,11,11,false,108.204989584
0.45,9,0.05,420,1.0e-10,11,11,false,108.204989584
0.5,10,0.05,420,1.0e-10,11,11,false,108.204989584
0.55,11,0.05,420,1.0e-10,11,11,false,108.204989584
0.6,12,0.05,420,1.0e-10,11,11,false,108.204989584
0.65,13,0.05,420,1.0e-10,11,11,false,108.204989584
0.7,14,0.05,420,1.0e-10,11,11,false,108.204989584
0.75,15,0.05,420,1.0e-10,11,11,false,108.204989584
0.8,16,0.05,420,1.0e-10,11,11,false,108.204989584
0.85,17,0.05,420,1.0e-10,11,11,false,108.204989584
0.9,18,0.05,420,1.0e-10,11,11,false,108.204989584
0.95,19,0.05,420,1.0e-10,11,11,false,108.204989584
1.0,20,0.05,420,1.0e-10,11,11,false,108.204989584
1.05,21,0.05,420,1.0e-10,11,11,false,108.204989584
1.1,22,0.05,420,1.0e-10,11,11,false,108.204989584
1.15,23,0.05,420,1.0e-10,11,11,false,108.204989584
1.2,24,0.05,420,1.0e-10,11,11,false,108.204989584
1.25,25,0.05,420,1.0e-10,11,11,false,108.204989584
1.3,26,0.05,420,1.0e-10,11,11,false,108.204989584
1.35,27,0.05,420,1.0e-10,11,11,false,108.204989584
1.4,28,0.05,420,1.0e-10,11,11,false,108.204989584
1.45,29,0.05,420,1.0e-10,11,11,false,108.204989584
1.5,30,0.05,420,1.0e-10,11,11,false,108.204989584
1.55,31,0.05,420,1.0e-10,11,11,false,108.204989584
1.6,32,0.05,420,1.0e-10,11,11,false,108.204989584
1.65,33,0.05,420,1.0e-10,11,11,false,108.204989584
1.7,34,0.05,420,1.0e-10,11,11,false,108.204989584
1.75,35,0.05,420,1.0e-10,11,11,false,108.204989584
1.8,36,0.05,420,1.0e-10,11,11,false,108.204989584
1.85,37,0.05,420,1.0e-10,11,11,false,108.204989584
1.9,38,0.05,420,1.0e-10,11,11,false,108.204989584
1.95,39,0.05,420,1.0e-10,11,11,false,108.204989584
2.0,40,0.05,420,1.0e-10,11,11,false,108.204989584
2.05,41,0.05,420,1.0e-10,11,11,false,108.204989584
2.1,42,0.05,420,1.0e-10,11,11,false,108.204989584
2.15,43,0.05,420,1.0e-10,11,11,false,108.204989584
2.2,44,0.05,420,1.0e-10,11,11,false,108.204989584
2.25,45,0.05,420,1.0e-10,11,11,false,108.204989584
2.3,46,0.05,420,1.0e-10,11,11,false,108.204989584
2.35,47,0.05,420,1.0e-10,11,11,false,108.204989584
2.4,48,0.05,420,1.0e-10,11,11,false,108.204989584
2.45,49,0.05,420,1.0e-10,11,11,false,108.204989584
2.5,50,0.05,420,1.0e-10,11,11,false,108.204989584
2.55,51,0.05,420,1.0e-10,11,11,false,108.204989584
2.6,52,0.05,420,1.0e-10,11,11,false,108.204989584
2.65,53,0.05,420,1.0e-10,11,11,false,108.204989584
2.7,54,0.05,420,1.0e-10,11,11,false,108.204989584
2.75,55,0.05,420,1.0e-10,11,11,false,108.204989584
2.8,56,0.05,420,1.0e-10,11,11,false,108.204989584
2.85,57,0.05,420,1.0e-10,11,11,false,108.204989584
2.9,58,0.05,420,1.0e-10,11,11,false,108.204989584
2.95,59,0.05,420,1.0e-10,11,11,false,108.204989584
3.0,60,0.05,420,1.0e-10,11,11,false,108.204989584
3.05,61,0.05,420,1.0e-10,11,11,false,108.204989584
3.1,62,0.05,420,1.0e-10,11,11,false,108.204989584
3.15,63,0.05,420,1.0e-10,11,11,false,108.204989584
3.2,64,0.05,420,1.0e-10,11,11,false,108.204989584
3.25,65,0.05,420,1.0e-10,11,11,false,108.204989584
3.3,66,0.05,420,1.0e-10,11,11,false,108.204989584
3.35,67,0.05,420,1.0e-10,11,11,false,108.204989584
3.4,68,0.05,420,1.0e-10,11,11,false,108.204989584
3.45,69,0.05,420,1.0e-10,11,11,false,108.204989584
3.5,70,0.05,420,1.0e-10,11,11,false,108.204989584
3.55,71,0.05,420,1.0e-10,11,11,false,108.204989584
3.6,72,0.05,420,1.0e-10,11,11,false,108.204989584
3.65,73,0.05,420,1.0e-10,11,11,false,108.204989584
3.7,74,0.05,420,1.0e-10,11,11,false,108.204989584
3.75,75,0.05,420,1.0e-10,11,11,false,108.204989584
3.8,76,0.05,420,1.0e-10,11,11,false,108.204989584
3.85,77,0.05,420,1.0e-10,11,11,false,108.204989584
3.9,78,0.05,420,1.0e-10,11,11,false,108.204989584
3.95,79,0.05,420,1.0e-10,11,11,false,108.204989584
4.0,80,0.05,420,1.0e-10,11,11,false,108.204989584
4.05,81,0.05,420,1.0e-10,11,11,false,108.204989584
4.1,82,0.05,420,1.0e-10,11,11,false,108.204989584
4.15,83,0.05,420,1.0e-10,11,11,false,108.204989584
4.2,84,0.05,420,1.0e-10,11,11,false,108.204989584
4.25,85,0.05,420,1.0e-10,11,11,false,108.204989584
4.3,86,0.05,420,1.0e-10,11,11,false,108.204989584
4.35,87,0.05,420,1.0e-10,11,11,false,108.204989584
4.4,88,0.05,420,1.0e-10,11,11,false,108.204989584
4.45,89,0.05,420,1.0e-10,11,11,false,108.204989584
4.5,90,0.05,420,1.0e-10,11,11,false,108.204989584
4.55,91,0.05,420,1.0e-10,11,11,false,108.204989584
4.6,92,0.05,420,1.0e-10,11,11,false,108.204989584
4.65,93,0.05,420,1.0e-10,11,11,false,108.204989584
4.7,94,0.05,420,1.0e-10,11,11,false,108.204989584
4.75,95,0.05,420,1.0e-10,11,11,false,108.204989584
4.8,96,0.05,420,1.0e-10,11,11,false,108.204989584
4.85,97,0.05,420,1.0e-10,11,11,false,108.204989584
4.9,98,0.05,420,1.0e-10,11,11,false,108.204989584
4.95,99,0.05,420,1.0e-10,11,11,false,108.204989584
5.0,100,0.05,420,1.0e-10,11,11,false,108.204989584
5.05,101,0.05,420,1.0e-10,11,11,false,108.204989584
5.1,102,0.05,420,1.0e-10,11,11,false,108.204989584
5.15,103,0.05,420,1.0e-10,11,11,false,108.204989584
5.2,104,0.05,420,1.0e-10,11,11,false,108.204989584
5.25,105,0.05,420,1.0e-10,11,11,false,108.204989584
5.3,106,0.05,420,1.0e-10,11,11,false,108.204989584
5.35,107,0.05,420,1.0e-10,11,11,false,108.204989584
5.4,108,0.05,420,1.0e-10,11,11,false,108.204989584
5.45,109,0.05,420,1.0e-10,11,11,false,108.204989584
5.5,110,0.05,420,1.0e-10,11,11,false,108.204989584
5.55,111,0.05,420,1.0e-10,11,11,false,108.204989584
5.6,112,0.05,420,1.0e-10,11,11,false,108.204989584
5.65,113,0.05,420,1.0e-10,11,11,false,108.204989584
5.7,114,0.05,420,1.0e-10,11,11,false,108.204989584
5.75,115,0.05,420,1.0e-10,11,11,false,108.204989584
5.8,116,0.05,420,1.0e-10,11,11,false,108.204989584
5.85,117,0.05,420,1.0e-10,11,11,false,108.204989584
5.9,118,0.05,420,1.0e-10,11,11,false,108.204989584
5.95,119,0.05,420,1.0e-10,11,11,false,108.204989584
6.0,120,0.05,420,1.0e-10,11,11,false,108.204989584
6.05,121,0.05,420,1.0e-10,11,11,false,108.204989584
6.1,122,0.05,420,1.0e-10,11,11,false,108.204989584
6.15,123,0.05,420,1.0e-10,11,11,false,108.204989584
6.2,124,0.05,420,1.0e-10,11,11,false,108.204989584
6.25,125,0.05,420,1.0e-10,11,11,false,108.204989584
6.3,126,0.05,420,1.0e-10,11,11,false,108.204989584
6.35,127,0.05,420,1.0e-10,11,11,false,108.204989584
6.4,128,0.05,420,1.0e-10,11,11,false,108.204989584
6.45,129,0.05,420,1.0e-10,11,11,false,108.204989584
6.5,130,0.05,420,1.0e-10,11,11,false,108.204989584
6.55,131,0.05,420,1.0e-10,11,11,false,108.204989584
6.6,132,0.05,420,1.0e-10,11,11,false,108.204989584
6.65,133,0.05,420,1.0e-10,11,11,false,108.204989584
6.7,134,0.05,420,1.0e-10,11,11,false,108.204989584
6.75,135,0.05,420,1.0e-10,11,11,false,108.204989584
6.8,136,0.05,420,1.0e-10,11,11,false,108.204989584
6.85,137,0.05,420,1.0e-10,11,11,false,108.204989584
6.9,138,0.05,420,1.0e-10,11,11,false,108.204989584
6.95,139,0.05,420,1.0e-10,11,11,false,108.204989584
7.0,140,0.05,420,1.0e-10,11,11,false,108.204989584
7.05,141,0.05,420,1.0e-10,11,11,false,108.204989584
7.1,142,0.05,420,1.0e-10,11,11,false,108.204989584
7.15,143,0.05,420,1.0e-10,11,11,false,108.204989584
7.2,144,0.05,420,1.0e-10,11,11,false,108.204989584
7.25,145,0.05,420,1.0e-10,11,11,false,108.204989584
7.3,146,0.05,420,1.0e-10,11,11,false,108.204989584
7.35,147,0.05,420,1.0e-10,11,11,false,108.204989584
7.4,148,0.05,420,1.0e-10,11,11,false,108.204989584
7.45,149,0.05,420,1.0e-10,11,11,false,108.204989584
7.5,150,0.05,420,1.0e-10,11,11,false,108.204989584
7.55,151,0.05,420,1.0e-10,11,11,false,108.204989584
7.6,152,0.05,420,1.0e-10,11,11,false,108.204989584
7.65,153,0.05,420,1.0e-10,11,11,false,108.204989584
7.7,154,0.05,420,1.0e-10,11,11,false,108.204989584
7.75,155,0.05,420,1.0e-10,11,11,false,108.204989584
7.8,156,0.05,420,1.0e-10,11,11,false,108.204989584
7.85,157,0.05,420,1.0e-10,11,11,false,108.204989584
7.9,158,0.05,420,1.0e-10,11,11,false,108.204989584
7.95,159,0.05,420,1.0e-10,11,11,false,108.204989584
8.0,160,0.05,420,1.0e-10,11,11,false,108.204989584
8.05,161,0.05,420,1.0e-10,11,11,false,108.204989584
8.1,162,0.05,420,1.0e-10,11,11,false,108.204989584
8.15,163,0.05,420,1.0e-10,11,11,false,108.204989584
8.2,164,0.05,420,1.0e-10,11,11,false,108.204989584
8.25,165,0.05,420,1.0e-10,11,11,false,108.204989584
8.3,166,0.05,420,1.0e-10,11,11,false,108.204989584
8.35,167,0.05,420,1.0e-10,11,11,false,108.204989584
8.4,168,0.05,420,1.0e-10,11,11,false,108.204989584
8.45,169,0.05,420,1.0e-10,11,11,false,108.204989584
8.5,170,0.05,420,1.0e-10,11,11,false,108.204989584
8.55,171,0.05,420,1.0e-10,11,11,false,108.204989584
8.6,172,0.05,420,1.0e-10,11,11,false,108.204989584
8.65,173,0.05,420,1.0e-10,11,11,false,108.204989584
8.7,174,0.05,420,1.0e-10,11,11,false,108.204989584
8.75,175,0.05,420,1.0e-10,11,11,false,108.204989584
8.8,176,0.05,420,1.0e-10,11,11,false,108.204989584
8.85,177,0.05,420,1.0e-10,11,11,false,108.204989584
8.9,178,0.05,420,1.0e-10,11,11,false,108.204989584
8.95,179,0.05,420,1.0e-10,11,11,false,108.204989584
9.0,180,0.05,420,1.0e-10,11,11,false,108.204989584
9.05,181,0.05,420,1.0e-10,11,11,false,108.204989584
9.1,182,0.05,420,1.0e-10,11,11,false,108.204989584
9.15,183,0.05,420,1.0e-10,11,11,false,108.204989584
9.2,184,0.05,420,1.0e-10,11,11,false,108.204989584
9.25,185,0.05,420,1.0e-10,11,11,false,108.204989584
9.3,186,0.05,420,1.0e-10,11,11,false,108.204989584
9.35,187,0.05,420,1.0e-10,11,11,false,108.204989584
9.4,188,0.05,420,1.0e-10,11,11,false,108.204989584
9.45,189,0.05,420,1.0e-10,11,11,false,108.204989584
9.5,190,0.05,420,1.0e-10,11,11,false,108.204989584
9.55,191,0.05,420,1.0e-10,11,11,false,108.204989584
9.6,192,0.05,420,1.0e-10,11,11,false,108.204989584
9.65,193,0.05,420,1.0e-10,11,11,false,108.204989584
9.7,194,0.05,420,1.0e-10,11,11,false,108.204989584
9.75,195,0.05,420,1.0e-10,11,11,false,108.204989584
9.8,196,0.05,420,1.0e-10,11,11,false,108.204989584
9.85,197,0.05,420,1.0e-10,11,11,false,108.204989584
9.9,198,0.05,420,1.0e-10,11,11,false,108.204989584
9.95,199,0.05,420,1.0e-10,11,11,false,108.204989584
10.0,200,0.05,420,1.0e-10,11,11,false,108.204989584
10.05,201,0.05,420,1.0e-10,11,11,false,108.204989584
10.1,202,0.05,420,1.0e-10,11,11,false,108.204989584
10.15,203,0.05,420,1.0e-10,11,11,false,108.204989584
10.2,204,0.05,420,1.0e-10,11,11,false,108.204989584
10.25,205,0.05,420,1.0e-10,11,11,false,108.204989584
10.3,206,0.05,420,1.0e-10,11,11,false,108.204989584
10.35,207,0.05,420,1.0e-10,11,11,false,108.204989584
10.4,208,0.05,420,1.0e-10,11,11,false,108.204989584
10.45,209,0.05,420,1.0e-10,11,11,false,108.204989584
10.5,210,0.05,420,1.0e-10,11,11,false,108.204989584
10.55,211,0.05,420,1.0e-10,11,11,false,108.204989584
10.6,212,0.05,420,1.0e-10,11,11,false,108.204989584
10.65,213,0.05,420,1.0e-10,11,11,false,108.204989584
10.7,214,0.05,420,1.0e-10,11,11,false,108.204989584
10.75,215,0.05,420,1.0e-10,11,11,false,108.204989584
10.8,216,0.05,420,1.0e-10,11,11,false,108.204989584
10.85,217,0.05,420,1.0e-10,11,11,false,108.204989584
10.9,218,0.05,420,1.0e-10,11,11,false,108.204989584
10.95,219,0.05,420,1.0e-10,11,11,false,108.204989584
11.0,220,0.05,420,1.0e-10,11,11,false,108.204989584
11.05,221,0.05,420,1.0e-10,11,11,false,108.204989584
11.1,222,0.05,420,1.0e-10,11,11,false,108.204989584
11.15,223,0.05,420,1.0e-10,11,11,false,108.204989584
11.2,224,0.05,420,1.0e-10,11,11,false,108.204989584
11.25,225,0.05,420,1.0e-10,11,11,false,108.204989584
11.3,226,0.05,420,1.0e-10,11,11,false,108.204989584
11.35,227,0.05,420,1.0e-10,11,11,false,108.204989584
11.4,228,0.05,420,1.0e-10,11,11,false,108.204989584
11.45,229,0.05,420,1.0e-10,11,11,false,108.204989584
11.5,230,0.05,420,1.0e-10,11,11,false,108.204989584
11.55,231,0.05,420,1.0e-10,11,11,false,108.204989584
11.6,232,0.05,420,1.0e-10,11,11,false,108.204989584
11.65,233,0.05,420,1.0e-10,11,11,false,108.204989584
11.7,234,0.05,420,1.0e-10,11,11,false,108.204989584
11.75,235,0.05,420,1.0e-10,11,11,false,108.204989584
11.8,236,0.05,420,1.0e-10,11,11,false,108.204989584
11.85,237,0.05,420,1.0e-10,11,11,false,108.204989584
11.9,238,0.05,420,1.0e-10,11,11,false,108.204989584
11.95,239,0.05,420,1.0e-10,11,11,false,108.204989584
12.0,240,0.05,420,1.0e-10,11,11,false,108.204989584
12.05,241,0.05,420,1.0e-10,11,11,false,108.204989584
12.1,242,0.05,420,1.0e-10,11,11,false,108.204989584
12.15,243,0.05,420,1.0e-10,11,11,false,108.204989584
12.2,244,0.05,420,1.0e-10,11,11,false,108.204989584
12.25,245,0.05,420,1.0e-10,11,11,false,108.204989584
12.3,246,0.05,420,1.0e-10,11,11,false,108.204989584
12.35,247,0.05,420,1.0e-10,11,11,false,108.204989584
12.4,248,0.05,420,1.0e-10,11,11,false,108.204989584
12.45,249,0.05,420,1.0e-10,11,11,false,108.204989584
12.5,250,0.05,420,1.0e-10,11,11,false,108.204989584
12.55,251,0.05,420,1.0e-10,11,11,false,108.204989584
12.6,252,0.05,420,1.0e-10,11,11,false,108.204989584
12.65,253,0.05,420,1.0e-10,11,11,false,108.204989584
12.7,254,0.05,420,1.0e-10,11,11,false,108.204989584
12.75,255,0.05,420,1.0e-10,11,11,false,108.204989584
12.8,256,0.05,420,1.0e-10,11,11,false,108.204989584
12.85,257,0.05,420,1.0e-10,11,11,false,108.204989584
12.9,258,0.05,420,1.0e-10,11,11,false,108.204989584
12.95,259,0.05,420,1.0e-10,11,11,false,108.204989584
13.0,260,0.05,420,1.0e-10,11,11,false,108.204989584
13.05,261,0.05,420,1.0e-10,11,11,false,108.204989584
13.1,262,0.05,420,1.0e-10,11,11,false,108.204989584
13.15,263,0.05,420,1.0e-10,11,11,false,108.204989584
13.2,264,0.05,420,1.0e-10,11,11,false,108.204989584
13.25,265,0.05,420,1.0e-10,11,11,false,108.204989584
13.3,266,0.05,420,1.0e-10,11,11,false,108.204989584
13.35,267,0.05,420,1.0e-10,11,11,false,108.204989584
13.4,268,0.05,420,1.0e-10,11,11,false,108.204989584
13.45,269,0.05,420,1.0e-10,11,11,false,108.204989584
13.5,270,0.05,420,1.0e-10,11,11,false,108.204989584
13.55,271,0.05,420,1.0e-10,11,11,false,108.204989584
13.6,272,0.05,420,1.0e-10,11,11,false,108.204989584
13.65,273,0.05,420,1.0e-10,11,11,false,108.204989584
13.7,274,0.05,420,1.0e-10,11,11,false,108.204989584
13.75,275,0.05,420,1.0e-10,11,11,false,108.204989584
13.8,276,0.05,420,1.0e-10,11,11,false,108.204989584
13.85,277,0.05,420,1.0e-10,11,11,false,108.204989584
13.9,278,0.05,420,1.0e-10,11,11,false,108.204989584
13.95,279,0.05,420,1.0e-10,11,11,false,108.204989584
14.0,280,0.05,420,1.0e-10,11,11,false,108.204989584
14.05,281,0.05,420,1.0e-10,11,11,false,108.204989584
14.1,282,0.05,420,1.0e-10,11,11,false,108.204989584
14.15,283,0.05,420,1.0e-10,11,11,false,108.204989584
14.2,284,0.05,420,1.0e-10,11,11,false,108.204989584
14.25,285,0.05,420,1.0e-10,11,11,false,108.204989584
14.3,286,0.05,420,1.0e-10,11,11,false,108.204989584
14.35,287,0.05,420,1.0e-10,11,11,false,108.204989584
14.4,288,0.05,420,1.0e-10,11,11,false,108.204989584
14.45,289,0.05,420,1.0e-10,11,11,false,108.204989584
14.5,290,0.05,420,1.0e-10,11,11,false,108.204989584
14.55,291,0.05,420,1.0e-10,11,11,false,108.204989584
14.6,292,0.05,420,1.0e-10,11,11,false,108.204989584
14.65,293,0.05,420,1.0e-10,11,11,false,108.204989584
14.7,294,0.05,420,1.0e-10,11,11,false,108.204989584
14.75,295,0.05,420,1.0e-10,11,11,false,108.204989584
14.8,296,0.05,420,1.0e-10,11,11,false,108.204989584
14.85,297,0.05,420,1.0e-10,11,11,false,108.204989584
14.9,298,0.05,420,1.0e-10,11,11,false,108.204989584
14.95,299,0.05,420,1.0e-10,11,11,false,108.204989584
15.0,300,0.05,420,1.0e-10,11,11,false,108.204989584
15.05,301,0.05,420,1.0e-10,11,11,false,108.204989584
15.1,302,0.05,420,1.0e-10,11,11,false,108.204989584
15.15,303,0.05,420,1.0e-10,11,11,false,108.204989584
15.2,304,0.05,420,1.0e-10,11,11,false,108.204989584
15.25,305,0.05,420,1.0e-10,11,11,false,108.204989584
15.3,306,0.05,420,1.0e-10,11,11,false,108.204989584
15.35,307,0.05,420,1.0e-10,11,11,false,108.204989584
15.4,308,0.05,420,1.0e-10,11,11,false,108.204989584
15.45,309,0.05,420,1.0e-10,11,11,false,108.204989584
15.5,310,0.05,420,1.0e-10,11,11,false,108.204989584
15.55,311,0.05,420,1.0e-10,11,11,false,108.204989584
15.6,312,0.05,420,1.0e-10,11,11,false,108.204989584
15.65,313,0.05,420,1.0e-10,11,11,false,108.204989584
15.7,314,0.05,420,1.0e-10,11,11,false,108.204989584
15.75,315,0.05,420,1.0e-10,11,11,false,108.204989584
15.8,316,0.05,420,1.0e-10,11,11,false,108.204989584
15.85,317,0.05,420,1.0e-10,11,11,false,108.204989584
15.9,318,0.05,420,1.0e-10,11,11,false,108.204989584
15.95,319,0.05,420,1.0e-10,11,11,false,108.204989584
16.0,320,0.05,420,1.0e-10,11,11,false,108.204989584
16.05,321,0.05,420,1.0e-10,11,11,false,108.204989584
16.1,322,0.05,420,1.0e-10,11,11,false,108.204989584
16.15,323,0.05,420,1.0e-10,11,11,false,108.204989584
16.2,324,0.05,420,1.0e-10,11,11,false,108.204989584
16.25,325,0.05,420,1.0e-10,11,11,false,108.204989584
16.3,326,0.05,420,1.0e-10,11,11,false,108.204989584
16.35,327,0.05,420,1.0e-10,11,11,false,108.204989584
16.4,328,0.05,420,1.0e-10,11,11,false,108.204989584
16.45,329,0.05,420,1.0e-10,11,11,false,108.204989584
16.5,330,0.05,420,1.0e-10,11,11,false,108.204989584
16.55,331,0.05,420,1.0e-10,11,11,false,108.204989584
16.6,332,0.05,420,1.0e-10,11,11,false,108.204989584
16.65,333,0.05,420,1.0e-10,11,11,false,108.204989584
16.7,334,0.05,420,1.0e-10,11,11,false,108.204989584
16.75,335,0.05,420,1.0e-10,11,11,false,108.204989584
16.8,336,0.05,420,1.0e-10,11,11,false,108.204989584
16.85,337,0.05,420,1.0e-10,11,11,false,108.204989584
16.9,338,0.05,420,1.0e-10,11,11,false,108.204989584
16.95,339,0.05,420,1.0e-10,11,11,false,108.204989584
17.0,340,0.05,420,1.0e-10,11,11,false,108.204989584
17.05,341,0.05,420,1.0e-10,11,11,false,108.204989584
17.1,342,0.05,420,1.0e-10,11,11,false,108.204989584
17.15,343,0.05,420,1.0e-10,11,11,false,108.204989584
17.2,344,0.05,420,1.0e-10,11,11,false,108.204989584
17.25,345,0.05,420,1.0e-10,11,11,false,108.204989584
17.3,346,0.05,420,1.0e-10,11,11,false,108.204989584
17.35,347,0.05,420,1.0e-10,11,11,false,108.204989584
17.4,348,0.05,420,1.0e-10,11,11,false,108.204989584
17.45,349,0.05,420,1.0e-10,11,11,false,108.204989584
17.5,350,0.05,420,1.0e-10,11,11,false,108.204989584
17.55,351,0.05,420,1.0e-10,11,11,false,108.204989584
17.6,352,0.05,420,1.0e-10,11,11,false,108.204989584
17.65,353,0.05,420,1.0e-10,11,11,false,108.204989584
17.7,354,0.05,420,1.0e-10,11,11,false,108.204989584
17.75,355,0.05,420,1.0e-10,11,11,false,108.204989584
17.8,356,0.05,420,1.0e-10,11,11,false,108.204989584
17.85,357,0.05,420,1.0e-10,11,11,false,108.204989584
17.9,358,0.05,420,1.0e-10,11,11,false,108.204989584
17.95,359,0.05,420,1.0e-10,11,11,false,108.204989584
18.0,360,0.05,420,1.0e-10,11,11,false,108.204989584
18.05,361,0.05,420,1.0e-10,11,11,false,108.204989584
18.1,362,0.05,420,1.0e-10,11,11,false,108.204989584
18.15,363,0.05,420,1.0e-10,11,11,false,108.204989584
18.2,364,0.05,420,1.0e-10,11,11,false,108.204989584
18.25,365,0.05,420,1.0e-10,11,11,false,108.204989584
18.3,366,0.05,420,1.0e-10,11,11,false,108.204989584
18.35,367,0.05,420,1.0e-10,11,11,false,108.204989584
18.4,368,0.05,420,1.0e-10,11,11,false,108.204989584
18.45,369,0.05,420,1.0e-10,11,11,false,108.204989584
18.5,370,0.05,420,1.0e-10,11,11,false,108.204989584
18.55,371,0.05,420,1.0e-10,11,11,false,108.204989584
18.6,372,0.05,420,1.0e-10,11,11,false,108.204989584
18.65,373,0.05,420,1.0e-10,11,11,false,108.204989584
18.7,374,0.05,420,1.0e-10,11,11,false,108.204989584
18.75,375,0.05,420,1.0e-10,11,11,false,108.204989584
18.8,376,0.05,420,1.0e-10,11,11,false,108.204989584
18.85,377,0.05,420,1.0e-10,11,11,false,108.204989584
18.9,378,0.05,420,1.0e-10,11,11,false,108.204989584
18.95,379,0.05,420,1.0e-10,11,11,false,108.204989584
19.0,380,0.05,420,1.0e-10,11,11,false,108.204989584
19.05,381,0.05,420,1.0e-10,11,11,false,108.204989584
19.1,382,0.05,420,1.0e-10,11,11,false,108.204989584
19.15,383,0.05,420,1.0e-10,11,11,false,108.204989584
19.2,384,0.05,420,1.0e-10,11,11,false,108.204989584
19.25,385,0.05,420,1.0e-10,11,11,false,108.204989584
19.3,386,0.05,420,1.0e-10,11,11,false,108.204989584
19.35,387,0.05,420,1.0e-10,11,11,false,108.204989584
19.4,388,0.05,420,1.0e-10,11,11,false,108.204989584
19.45,389,0.05,420,1.0e-10,11,11,false,108.204989584
19.5,390,0.05,420,1.0e-10,11,11,false,108.204989584
19.55,391,0.05,420,1.0e-10,11,11,false,108.204989584
19.6,392,0.05,420,1.0e-10,11,11,false,108.204989584
19.65,393,0.05,420,1.0e-10,11,11,false,108.204989584
19.7,394,0.05,420,1.0e-10,11,11,false,108.204989584
19.75,395,0.05,420,1.0e-10,11,11,false,108.204989584
19.8,396,0.05,420,1.0e-10,11,11,false,108.204989584
19.85,397,0.05,420,1.0e-10,11,11,false,108.204989584
19.9,398,0.05,420,1.0e-10,11,11,false,108.204989584
19.95,399,0.05,420,1.0e-10,11,11,false,108.204989584
20.0,400,0.05,420,1.0e-10,11,11,false,108.204989584
20.05,401,0.05,420,1.0e-10,11,11,false,108.204989584
20.1,402,0.05,420,1.0e-10,11,11,false,108.204989584
20.15,403,0.05,420,1.0e-10,11,11,false,108.204989584
20.2,404,0.05,420,1.0e-10,11,11,false,108.204989584
20.25,405,0.05,420,1.0e-10,11,11,false,108.204989584
20.3,406,0.05,420,1.0e-10,11,11,false,108.204989584
20.35,407,0.05,420,1.0e-10,11,11,false,108.204989584
20.4,408,0.05,420,1.0e-10,11,11,false,108.204989584
20.45,409,0.05,420,1.0e-10,11,11,false,108.204989584
20.5,410,0.05,420,1.0e-10,11,11,false,108.204989584
20.55,411,0.05,420,1.0e-10,11,11,false,108.204989584
20.6,412,0.05,420,1.0e-10,11,11,false,108.204989584
20.65,413,0.05,420,1.0e-10,11,11,false,108.204989584
20.7,414,0.05,420,1.0e-10,11,11,false,108.204989584
20.75,415,0.05,420,1.0e-10,11,11,false,108.204989584
20.8,416,0.05,420,1.0e-10,11,11,false,108.204989584
20.85,417,0.05,420,1.0e-10,11,11,false,108.204989584
20.9,418,0.05,420,1.0e-10,11,11,false,108.204989584
20.95,419,0.05,420,1.0e-10,10,11,false,108.204989584
21.0,420,0.05,420,1.0e-10,1,11,false,108.204989584
0.0,0,0.05,420,1.0e-12,1,25,false,435.501248442
0.05,1,0.05,420,1.0e-12,16,25,false,435.501248442
0.1,2,0.05,420,1.0e-12,20,25,false,435.501248442
0.15,3,0.05,420,1.0e-12,20,25,false,435.501248442
0.2,4,0.05,420,1.0e-12,20,25,false,435.501248442
0.25,5,0.05,420,1.0e-12,20,25,false,435.501248442
0.3,6,0.05,420,1.0e-12,20,25,false,435.501248442
0.35,7,0.05,420,1.0e-12,20,25,false,435.501248442
0.4,8,0.05,420,1.0e-12,20,25,false,435.501248442
0.45,9,0.05,420,1.0e-12,20,25,false,435.501248442
0.5,10,0.05,420,1.0e-12,20,25,false,435.501248442
0.55,11,0.05,420,1.0e-12,20,25,false,435.501248442
0.6,12,0.05,420,1.0e-12,20,25,false,435.501248442
0.65,13,0.05,420,1.0e-12,20,25,false,435.501248442
0.7,14,0.05,420,1.0e-12,20,25,false,435.501248442
0.75,15,0.05,420,1.0e-12,20,25,false,435.501248442
0.8,16,0.05,420,1.0e-12,21,25,false,435.501248442
0.85,17,0.05,420,1.0e-12,21,25,false,435.501248442
0.9,18,0.05,420,1.0e-12,21,25,false,435.501248442
0.95,19,0.05,420,1.0e-12,21,25,false,435.501248442
1.0,20,0.05,420,1.0e-12,21,25,false,435.501248442
1.05,21,0.05,420,1.0e-12,21,25,false,435.501248442
1.1,22,0.05,420,1.0e-12,21,25,false,435.501248442
1.15,23,0.05,420,1.0e-12,21,25,false,435.501248442
1.2,24,0.05,420,1.0e-12,21,25,false,435.501248442
1.25,25,0.05,420,1.0e-12,21,25,false,435.501248442
1.3,26,0.05,420,1.0e-12,21,25,false,435.501248442
1.35,27,0.05,420,1.0e-12,21,25,false,435.501248442
1.4,28,0.05,420,1.0e-12,21,25,false,435.501248442
1.45,29,0.05,420,1.0e-12,21,25,false,435.501248442
1.5,30,0.05,420,1.0e-12,21,25,false,435.501248442
1.55,31,0.05,420,1.0e-12,21,25,false,435.501248442
1.6,32,0.05,420,1.0e-12,21,25,false,435.501248442
1.65,33,0.05,420,1.0e-12,21,25,false,435.501248442
1.7,34,0.05,420,1.0e-12,21,25,false,435.501248442
1.75,35,0.05,420,1.0e-12,21,25,false,435.501248442
1.8,36,0.05,420,1.0e-12,21,25,false,435.501248442
1.85,37,0.05,420,1.0e-12,21,25,false,435.501248442
1.9,38,0.05,420,1.0e-12,21,25,false,435.501248442
1.95,39,0.05,420,1.0e-12,21,25,false,435.501248442
2.0,40,0.05,420,1.0e-12,21,25,false,435.501248442
2.05,41,0.05,420,1.0e-12,21,25,false,435.501248442
2.1,42,0.05,420,1.0e-12,21,25,false,435.501248442
2.15,43,0.05,420,1.0e-12,21,25,false,435.501248442
2.2,44,0.05,420,1.0e-12,21,25,false,435.501248442
2.25,45,0.05,420,1.0e-12,21,25,false,435.501248442
2.3,46,0.05,420,1.0e-12,22,25,false,435.501248442
2.35,47,0.05,420,1.0e-12,22,25,false,435.501248442
2.4,48,0.05,420,1.0e-12,22,25,false,435.501248442
2.45,49,0.05,420,1.0e-12,22,25,false,435.501248442
2.5,50,0.05,420,1.0e-12,22,25,false,435.501248442
2.55,51,0.05,420,1.0e-12,22,25,false,435.501248442
2.6,52,0.05,420,1.0e-12,22,25,false,435.501248442
2.65,53,0.05,420,1.0e-12,22,25,false,435.501248442
2.7,54,0.05,420,1.0e-12,22,25,false,435.501248442
2.75,55,0.05,420,1.0e-12,22,25,false,435.501248442
2.8,56,0.05,420,1.0e-12,22,25,false,435.501248442
2.85,57,0.05,420,1.0e-12,22,25,false,435.501248442
2.9,58,0.05,420,1.0e-12,22,25,false,435.501248442
2.95,59,0.05,420,1.0e-12,23,25,false,435.501248442
3.0,60,0.05,420,1.0e-12,23,25,false,435.501248442
3.05,61,0.05,420,1.0e-12,23,25,false,435.501248442
3.1,62,0.05,420,1.0e-12,23,25,false,435.501248442
3.15,63,0.05,420,1.0e-12,23,25,false,435.501248442
3.2,64,0.05,420,1.0e-12,23,25,false,435.501248442
3.25,65,0.05,420,1.0e-12,23,25,false,435.501248442
3.3,66,0.05,420,1.0e-12,23,25,false,435.501248442
3.35,67,0.05,420,1.0e-12,23,25,false,435.501248442
3.4,68,0.05,420,1.0e-12,23,25,false,435.501248442
3.45,69,0.05,420,1.0e-12,23,25,false,435.501248442
3.5,70,0.05,420,1.0e-12,23,25,false,435.501248442
3.55,71,0.05,420,1.0e-12,23,25,false,435.501248442
3.6,72,0.05,420,1.0e-12,23,25,false,435.501248442
3.65,73,0.05,420,1.0e-12,23,25,false,435.501248442
3.7,74,0.05,420,1.0e-12,23,25,false,435.501248442
3.75,75,0.05,420,1.0e-12,23,25,false,435.501248442
3.8,76,0.05,420,1.0e-12,23,25,false,435.501248442
3.85,77,0.05,420,1.0e-12,23,25,false,435.501248442
3.9,78,0.05,420,1.0e-12,23,25,false,435.501248442
3.95,79,0.05,420,1.0e-12,23,25,false,435.501248442
4.0,80,0.05,420,1.0e-12,23,25,false,435.501248442
4.05,81,0.05,420,1.0e-12,23,25,false,435.501248442
4.1,82,0.05,420,1.0e-12,23,25,false,435.501248442
4.15,83,0.05,420,1.0e-12,23,25,false,435.501248442
4.2,84,0.05,420,1.0e-12,23,25,false,435.501248442
4.25,85,0.05,420,1.0e-12,23,25,false,435.501248442
4.3,86,0.05,420,1.0e-12,23,25,false,435.501248442
4.35,87,0.05,420,1.0e-12,23,25,false,435.501248442
4.4,88,0.05,420,1.0e-12,23,25,false,435.501248442
4.45,89,0.05,420,1.0e-12,23,25,false,435.501248442
4.5,90,0.05,420,1.0e-12,23,25,false,435.501248442
4.55,91,0.05,420,1.0e-12,23,25,false,435.501248442
4.6,92,0.05,420,1.0e-12,23,25,false,435.501248442
4.65,93,0.05,420,1.0e-12,23,25,false,435.501248442
4.7,94,0.05,420,1.0e-12,23,25,false,435.501248442
4.75,95,0.05,420,1.0e-12,23,25,false,435.501248442
4.8,96,0.05,420,1.0e-12,23,25,false,435.501248442
4.85,97,0.05,420,1.0e-12,23,25,false,435.501248442
4.9,98,0.05,420,1.0e-12,23,25,false,435.501248442
4.95,99,0.05,420,1.0e-12,24,25,false,435.501248442
5.0,100,0.05,420,1.0e-12,24,25,false,435.501248442
5.05,101,0.05,420,1.0e-12,24,25,false,435.501248442
5.1,102,0.05,420,1.0e-12,24,25,false,435.501248442
5.15,103,0.05,420,1.0e-12,24,25,false,435.501248442
5.2,104,0.05,420,1.0e-12,24,25,false,435.501248442
5.25,105,0.05,420,1.0e-12,24,25,false,435.501248442
5.3,106,0.05,420,1.0e-12,24,25,false,435.501248442
5.35,107,0.05,420,1.0e-12,24,25,false,435.501248442
5.4,108,0.05,420,1.0e-12,24,25,false,435.501248442
5.45,109,0.05,420,1.0e-12,24,25,false,435.501248442
5.5,110,0.05,420,1.0e-12,24,25,false,435.501248442
5.55,111,0.05,420,1.0e-12,24,25,false,435.501248442
5.6,112,0.05,420,1.0e-12,24,25,false,435.501248442
5.65,113,0.05,420,1.0e-12,24,25,false,435.501248442
5.7,114,0.05,420,1.0e-12,24,25,false,435.501248442
5.75,115,0.05,420,1.0e-12,24,25,false,435.501248442
5.8,116,0.05,420,1.0e-12,24,25,false,435.501248442
5.85,117,0.05,420,1.0e-12,24,25,false,435.501248442
5.9,118,0.05,420,1.0e-12,24,25,false,435.501248442
5.95,119,0.05,420,1.0e-12,24,25,false,435.501248442
6.0,120,0.05,420,1.0e-12,24,25,false,435.501248442
6.05,121,0.05,420,1.0e-12,24,25,false,435.501248442
6.1,122,0.05,420,1.0e-12,24,25,false,435.501248442
6.15,123,0.05,420,1.0e-12,24,25,false,435.501248442
6.2,124,0.05,420,1.0e-12,24,25,false,435.501248442
6.25,125,0.05,420,1.0e-12,24,25,false,435.501248442
6.3,126,0.05,420,1.0e-12,24,25,false,435.501248442
6.35,127,0.05,420,1.0e-12,24,25,false,435.501248442
6.4,128,0.05,420,1.0e-12,24,25,false,435.501248442
6.45,129,0.05,420,1.0e-12,24,25,false,435.501248442
6.5,130,0.05,420,1.0e-12,24,25,false,435.501248442
6.55,131,0.05,420,1.0e-12,24,25,false,435.501248442
6.6,132,0.05,420,1.0e-12,24,25,false,435.501248442
6.65,133,0.05,420,1.0e-12,24,25,false,435.501248442
6.7,134,0.05,420,1.0e-12,24,25,false,435.501248442
6.75,135,0.05,420,1.0e-12,24,25,false,435.501248442
6.8,136,0.05,420,1.0e-12,24,25,false,435.501248442
6.85,137,0.05,420,1.0e-12,24,25,false,435.501248442
6.9,138,0.05,420,1.0e-12,24,25,false,435.501248442
6.95,139,0.05,420,1.0e-12,24,25,false,435.501248442
7.0,140,0.05,420,1.0e-12,24,25,false,435.501248442
7.05,141,0.05,420,1.0e-12,24,25,false,435.501248442
7.1,142,0.05,420,1.0e-12,24,25,false,435.501248442
7.15,143,0.05,420,1.0e-12,24,25,false,435.501248442
7.2,144,0.05,420,1.0e-12,24,25,false,435.501248442
7.25,145,0.05,420,1.0e-12,24,25,false,435.501248442
7.3,146,0.05,420,1.0e-12,24,25,false,435.501248442
7.35,147,0.05,420,1.0e-12,24,25,false,435.501248442
7.4,148,0.05,420,1.0e-12,24,25,false,435.501248442
7.45,149,0.05,420,1.0e-12,24,25,false,435.501248442
7.5,150,0.05,420,1.0e-12,24,25,false,435.501248442
7.55,151,0.05,420,1.0e-12,24,25,false,435.501248442
7.6,152,0.05,420,1.0e-12,24,25,false,435.501248442
7.65,153,0.05,420,1.0e-12,24,25,false,435.501248442
7.7,154,0.05,420,1.0e-12,24,25,false,435.501248442
7.75,155,0.05,420,1.0e-12,24,25,false,435.501248442
7.8,156,0.05,420,1.0e-12,24,25,false,435.501248442
7.85,157,0.05,420,1.0e-12,24,25,false,435.501248442
7.9,158,0.05,420,1.0e-12,24,25,false,435.501248442
7.95,159,0.05,420,1.0e-12,24,25,false,435.501248442
8.0,160,0.05,420,1.0e-12,24,25,false,435.501248442
8.05,161,0.05,420,1.0e-12,24,25,false,435.501248442
8.1,162,0.05,420,1.0e-12,24,25,false,435.501248442
8.15,163,0.05,420,1.0e-12,24,25,false,435.501248442
8.2,164,0.05,420,1.0e-12,24,25,false,435.501248442
8.25,165,0.05,420,1.0e-12,24,25,false,435.501248442
8.3,166,0.05,420,1.0e-12,24,25,false,435.501248442
8.35,167,0.05,420,1.0e-12,24,25,false,435.501248442
8.4,168,0.05,420,1.0e-12,24,25,false,435.501248442
8.45,169,0.05,420,1.0e-12,24,25,false,435.501248442
8.5,170,0.05,420,1.0e-12,24,25,false,435.501248442
8.55,171,0.05,420,1.0e-12,24,25,false,435.501248442
8.6,172,0.05,420,1.0e-12,24,25,false,435.501248442
8.65,173,0.05,420,1.0e-12,24,25,false,435.501248442
8.7,174,0.05,420,1.0e-12,24,25,false,435.501248442
8.75,175,0.05,420,1.0e-12,24,25,false,435.501248442
8.8,176,0.05,420,1.0e-12,24,25,false,435.501248442
8.85,177,0.05,420,1.0e-12,24,25,false,435.501248442
8.9,178,0.05,420,1.0e-12,25,25,false,435.501248442
8.95,179,0.05,420,1.0e-12,25,25,false,435.501248442
9.0,180,0.05,420,1.0e-12,25,25,false,435.501248442
9.05,181,0.05,420,1.0e-12,25,25,false,435.501248442
9.1,182,0.05,420,1.0e-12,25,25,false,435.501248442
9.15,183,0.05,420,1.0e-12,25,25,false,435.501248442
9.2,184,0.05,420,1.0e-12,25,25,false,435.501248442
9.25,185,0.05,420,1.0e-12,25,25,false,435.501248442
9.3,186,0.05,420,1.0e-12,25,25,false,435.501248442
9.35,187,0.05,420,1.0e-12,25,25,false,435.501248442
9.4,188,0.05,420,1.0e-12,25,25,false,435.501248442
9.45,189,0.05,420,1.0e-12,25,25,false,435.501248442
9.5,190,0.05,420,1.0e-12,25,25,false,435.501248442
9.55,191,0.05,420,1.0e-12,25,25,false,435.501248442
9.6,192,0.05,420,1.0e-12,25,25,false,435.501248442
9.65,193,0.05,420,1.0e-12,25,25,false,435.501248442
9.7,194,0.05,420,1.0e-12,25,25,false,435.501248442
9.75,195,0.05,420,1.0e-12,25,25,false,435.501248442
9.8,196,0.05,420,1.0e-12,25,25,false,435.501248442
9.85,197,0.05,420,1.0e-12,25,25,false,435.501248442
9.9,198,0.05,420,1.0e-12,25,25,false,435.501248442
9.95,199,0.05,420,1.0e-12,25,25,false,435.501248442
10.0,200,0.05,420,1.0e-12,25,25,false,435.501248442
10.05,201,0.05,420,1.0e-12,25,25,false,435.501248442
10.1,202,0.05,420,1.0e-12,25,25,false,435.501248442
10.15,203,0.05,420,1.0e-12,25,25,false,435.501248442
10.2,204,0.05,420,1.0e-12,25,25,false,435.501248442
10.25,205,0.05,420,1.0e-12,25,25,false,435.501248442
10.3,206,0.05,420,1.0e-12,25,25,false,435.501248442
10.35,207,0.05,420,1.0e-12,25,25,false,435.501248442
10.4,208,0.05,420,1.0e-12,25,25,false,435.501248442
10.45,209,0.05,420,1.0e-12,25,25,false,435.501248442
10.5,210,0.05,420,1.0e-12,25,25,false,435.501248442
10.55,211,0.05,420,1.0e-12,25,25,false,435.501248442
10.6,212,0.05,420,1.0e-12,25,25,false,435.501248442
10.65,213,0.05,420,1.0e-12,25,25,false,435.501248442
10.7,214,0.05,420,1.0e-12,25,25,false,435.501248442
10.75,215,0.05,420,1.0e-12,25,25,false,435.501248442
10.8,216,0.05,420,1.0e-12,25,25,false,435.501248442
10.85,217,0.05,420,1.0e-12,25,25,false,435.501248442
10.9,218,0.05,420,1.0e-12,25,25,false,435.501248442
10.95,219,0.05,420,1.0e-12,25,25,false,435.501248442
11.0,220,0.05,420,1.0e-12,25,25,false,435.501248442
11.05,221,0.05,420,1.0e-12,25,25,false,435.501248442
11.1,222,0.05,420,1.0e-12,25,25,false,435.501248442
11.15,223,0.05,420,1.0e-12,25,25,false,435.501248442
11.2,224,0.05,420,1.0e-12,25,25,false,435.501248442
11.25,225,0.05,420,1.0e-12,25,25,false,435.501248442
11.3,226,0.05,420,1.0e-12,25,25,false,435.501248442
11.35,227,0.05,420,1.0e-12,25,25,false,435.501248442
11.4,228,0.05,420,1.0e-12,25,25,false,435.501248442
11.45,229,0.05,420,1.0e-12,25,25,false,435.501248442
11.5,230,0.05,420,1.0e-12,25,25,false,435.501248442
11.55,231,0.05,420,1.0e-12,25,25,false,435.501248442
11.6,232,0.05,420,1.0e-12,25,25,false,435.501248442
11.65,233,0.05,420,1.0e-12,25,25,false,435.501248442
11.7,234,0.05,420,1.0e-12,25,25,false,435.501248442
11.75,235,0.05,420,1.0e-12,25,25,false,435.501248442
11.8,236,0.05,420,1.0e-12,25,25,false,435.501248442
11.85,237,0.05,420,1.0e-12,25,25,false,435.501248442
11.9,238,0.05,420,1.0e-12,25,25,false,435.501248442
11.95,239,0.05,420,1.0e-12,25,25,false,435.501248442
12.0,240,0.05,420,1.0e-12,25,25,false,435.501248442
12.05,241,0.05,420,1.0e-12,25,25,false,435.501248442
12.1,242,0.05,420,1.0e-12,25,25,false,435.501248442
12.15,243,0.05,420,1.0e-12,25,25,false,435.501248442
12.2,244,0.05,420,1.0e-12,25,25,false,435.501248442
12.25,245,0.05,420,1.0e-12,25,25,false,435.501248442
12.3,246,0.05,420,1.0e-12,25,25,false,435.501248442
12.35,247,0.05,420,1.0e-12,25,25,false,435.501248442
12.4,248,0.05,420,1.0e-12,25,25,false,435.501248442
12.45,249,0.05,420,1.0e-12,25,25,false,435.501248442
12.5,250,0.05,420,1.0e-12,25,25,false,435.501248442
12.55,251,0.05,420,1.0e-12,25,25,false,435.501248442
12.6,252,0.05,420,1.0e-12,25,25,false,435.501248442
12.65,253,0.05,420,1.0e-12,25,25,false,435.501248442
12.7,254,0.05,420,1.0e-12,25,25,false,435.501248442
12.75,255,0.05,420,1.0e-12,25,25,false,435.501248442
12.8,256,0.05,420,1.0e-12,25,25,false,435.501248442
12.85,257,0.05,420,1.0e-12,25,25,false,435.501248442
12.9,258,0.05,420,1.0e-12,25,25,false,435.501248442
12.95,259,0.05,420,1.0e-12,25,25,false,435.501248442
13.0,260,0.05,420,1.0e-12,25,25,false,435.501248442
13.05,261,0.05,420,1.0e-12,25,25,false,435.501248442
13.1,262,0.05,420,1.0e-12,25,25,false,435.501248442
13.15,263,0.05,420,1.0e-12,25,25,false,435.501248442
13.2,264,0.05,420,1.0e-12,25,25,false,435.501248442
13.25,265,0.05,420,1.0e-12,25,25,false,435.501248442
13.3,266,0.05,420,1.0e-12,25,25,false,435.501248442
13.35,267,0.05,420,1.0e-12,25,25,false,435.501248442
13.4,268,0.05,420,1.0e-12,25,25,false,435.501248442
13.45,269,0.05,420,1.0e-12,25,25,false,435.501248442
13.5,270,0.05,420,1.0e-12,25,25,false,435.501248442
13.55,271,0.05,420,1.0e-12,25,25,false,435.501248442
13.6,272,0.05,420,1.0e-12,25,25,false,435.501248442
13.65,273,0.05,420,1.0e-12,25,25,false,435.501248442
13.7,274,0.05,420,1.0e-12,25,25,false,435.501248442
13.75,275,0.05,420,1.0e-12,25,25,false,435.501248442
13.8,276,0.05,420,1.0e-12,25,25,false,435.501248442
13.85,277,0.05,420,1.0e-12,25,25,false,435.501248442
13.9,278,0.05,420,1.0e-12,25,25,false,435.501248442
13.95,279,0.05,420,1.0e-12,25,25,false,435.501248442
14.0,280,0.05,420,1.0e-12,25,25,false,435.501248442
14.05,281,0.05,420,1.0e-12,25,25,false,435.501248442
14.1,282,0.05,420,1.0e-12,25,25,false,435.501248442
14.15,283,0.05,420,1.0e-12,25,25,false,435.501248442
14.2,284,0.05,420,1.0e-12,25,25,false,435.501248442
14.25,285,0.05,420,1.0e-12,25,25,false,435.501248442
14.3,286,0.05,420,1.0e-12,25,25,false,435.501248442
14.35,287,0.05,420,1.0e-12,25,25,false,435.501248442
14.4,288,0.05,420,1.0e-12,25,25,false,435.501248442
14.45,289,0.05,420,1.0e-12,25,25,false,435.501248442
14.5,290,0.05,420,1.0e-12,25,25,false,435.501248442
14.55,291,0.05,420,1.0e-12,25,25,false,435.501248442
14.6,292,0.05,420,1.0e-12,25,25,false,435.501248442
14.65,293,0.05,420,1.0e-12,25,25,false,435.501248442
14.7,294,0.05,420,1.0e-12,25,25,false,435.501248442
14.75,295,0.05,420,1.0e-12,25,25,false,435.501248442
14.8,296,0.05,420,1.0e-12,25,25,false,435.501248442
14.85,297,0.05,420,1.0e-12,25,25,false,435.501248442
14.9,298,0.05,420,1.0e-12,25,25,false,435.501248442
14.95,299,0.05,420,1.0e-12,25,25,false,435.501248442
15.0,300,0.05,420,1.0e-12,25,25,false,435.501248442
15.05,301,0.05,420,1.0e-12,25,25,false,435.501248442
15.1,302,0.05,420,1.0e-12,25,25,false,435.501248442
15.15,303,0.05,420,1.0e-12,25,25,false,435.501248442
15.2,304,0.05,420,1.0e-12,25,25,false,435.501248442
15.25,305,0.05,420,1.0e-12,25,25,false,435.501248442
15.3,306,0.05,420,1.0e-12,25,25,false,435.501248442
15.35,307,0.05,420,1.0e-12,25,25,false,435.501248442
15.4,308,0.05,420,1.0e-12,25,25,false,435.501248442
15.45,309,0.05,420,1.0e-12,25,25,false,435.501248442
15.5,310,0.05,420,1.0e-12,25,25,false,435.501248442
15.55,311,0.05,420,1.0e-12,25,25,false,435.501248442
15.6,312,0.05,420,1.0e-12,25,25,false,435.501248442
15.65,313,0.05,420,1.0e-12,25,25,false,435.501248442
15.7,314,0.05,420,1.0e-12,25,25,false,435.501248442
15.75,315,0.05,420,1.0e-12,25,25,false,435.501248442
15.8,316,0.05,420,1.0e-12,25,25,false,435.501248442
15.85,317,0.05,420,1.0e-12,25,25,false,435.501248442
15.9,318,0.05,420,1.0e-12,25,25,false,435.501248442
15.95,319,0.05,420,1.0e-12,25,25,false,435.501248442
16.0,320,0.05,420,1.0e-12,25,25,false,435.501248442
16.05,321,0.05,420,1.0e-12,25,25,false,435.501248442
16.1,322,0.05,420,1.0e-12,25,25,false,435.501248442
16.15,323,0.05,420,1.0e-12,25,25,false,435.501248442
16.2,324,0.05,420,1.0e-12,25,25,false,435.501248442
16.25,325,0.05,420,1.0e-12,25,25,false,435.501248442
16.3,326,0.05,420,1.0e-12,25,25,false,435.501248442
16.35,327,0.05,420,1.0e-12,25,25,false,435.501248442
16.4,328,0.05,420,1.0e-12,25,25,false,435.501248442
16.45,329,0.05,420,1.0e-12,25,25,false,435.501248442
16.5,330,0.05,420,1.0e-12,25,25,false,435.501248442
16.55,331,0.05,420,1.0e-12,25,25,false,435.501248442
16.6,332,0.05,420,1.0e-12,25,25,false,435.501248442
16.65,333,0.05,420,1.0e-12,25,25,false,435.501248442
16.7,334,0.05,420,1.0e-12,25,25,false,435.501248442
16.75,335,0.05,420,1.0e-12,25,25,false,435.501248442
16.8,336,0.05,420,1.0e-12,25,25,false,435.501248442
16.85,337,0.05,420,1.0e-12,25,25,false,435.501248442
16.9,338,0.05,420,1.0e-12,25,25,false,435.501248442
16.95,339,0.05,420,1.0e-12,25,25,false,435.501248442
17.0,340,0.05,420,1.0e-12,25,25,false,435.501248442
17.05,341,0.05,420,1.0e-12,25,25,false,435.501248442
17.1,342,0.05,420,1.0e-12,25,25,false,435.501248442
17.15,343,0.05,420,1.0e-12,25,25,false,435.501248442
17.2,344,0.05,420,1.0e-12,25,25,false,435.501248442
17.25,345,0.05,420,1.0e-12,25,25,false,435.501248442
17.3,346,0.05,420,1.0e-12,25,25,false,435.501248442
17.35,347,0.05,420,1.0e-12,25,25,false,435.501248442
17.4,348,0.05,420,1.0e-12,25,25,false,435.501248442
17.45,349,0.05,420,1.0e-12,25,25,false,435.501248442
17.5,350,0.05,420,1.0e-12,25,25,false,435.501248442
17.55,351,0.05,420,1.0e-12,25,25,false,435.501248442
17.6,352,0.05,420,1.0e-12,25,25,false,435.501248442
17.65,353,0.05,420,1.0e-12,25,25,false,435.501248442
17.7,354,0.05,420,1.0e-12,25,25,false,435.501248442
17.75,355,0.05,420,1.0e-12,25,25,false,435.501248442
17.8,356,0.05,420,1.0e-12,25,25,false,435.501248442
17.85,357,0.05,420,1.0e-12,25,25,false,435.501248442
17.9,358,0.05,420,1.0e-12,25,25,false,435.501248442
17.95,359,0.05,420,1.0e-12,25,25,false,435.501248442
18.0,360,0.05,420,1.0e-12,25,25,false,435.501248442
18.05,361,0.05,420,1.0e-12,25,25,false,435.501248442
18.1,362,0.05,420,1.0e-12,25,25,false,435.501248442
18.15,363,0.05,420,1.0e-12,25,25,false,435.501248442
18.2,364,0.05,420,1.0e-12,25,25,false,435.501248442
18.25,365,0.05,420,1.0e-12,25,25,false,435.501248442
18.3,366,0.05,420,1.0e-12,25,25,false,435.501248442
18.35,367,0.05,420,1.0e-12,25,25,false,435.501248442
18.4,368,0.05,420,1.0e-12,25,25,false,435.501248442
18.45,369,0.05,420,1.0e-12,25,25,false,435.501248442
18.5,370,0.05,420,1.0e-12,25,25,false,435.501248442
18.55,371,0.05,420,1.0e-12,25,25,false,435.501248442
18.6,372,0.05,420,1.0e-12,25,25,false,435.501248442
18.65,373,0.05,420,1.0e-12,25,25,false,435.501248442
18.7,374,0.05,420,1.0e-12,25,25,false,435.501248442
18.75,375,0.05,420,1.0e-12,25,25,false,435.501248442
18.8,376,0.05,420,1.0e-12,25,25,false,435.501248442
18.85,377,0.05,420,1.0e-12,25,25,false,435.501248442
18.9,378,0.05,420,1.0e-12,25,25,false,435.501248442
18.95,379,0.05,420,1.0e-12,25,25,false,435.501248442
19.0,380,0.05,420,1.0e-12,25,25,false,435.501248442
19.05,381,0.05,420,1.0e-12,25,25,false,435.501248442
19.1,382,0.05,420,1.0e-12,25,25,false,435.501248442
19.15,383,0.05,420,1.0e-12,25,25,false,435.501248442
19.2,384,0.05,420,1.0e-12,25,25,false,435.501248442
19.25,385,0.05,420,1.0e-12,25,25,false,435.501248442
19.3,386,0.05,420,1.0e-12,25,25,false,435.501248442
19.35,387,0.05,420,1.0e-12,25,25,false,435.501248442
19.4,388,0.05,420,1.0e-12,25,25,false,435.501248442
19.45,389,0.05,420,1.0e-12,25,25,false,435.501248442
19.5,390,0.05,420,1.0e-12,25,25,false,435.501248442
19.55,391,0.05,420,1.0e-12,25,25,false,435.501248442
19.6,392,0.05,420,1.0e-12,25,25,false,435.501248442
19.65,393,0.05,420,1.0e-12,25,25,false,435.501248442
19.7,394,0.05,420,1.0e-12,25,25,false,435.501248442
19.75,395,0.05,420,1.0e-12,25,25,false,435.501248442
19.8,396,0.05,420,1.0e-12,24,25,false,435.501248442
19.85,397,0.05,420,1.0e-12,24,25,false,435.501248442
19.9,398,0.05,420,1.0e-12,24,25,false,435.501248442
19.95,399,0.05,420,1.0e-12,24,25,false,435.501248442
20.0,400,0.05,420,1.0e-12,24,25,false,435.501248442
20.05,401,0.05,420,1.0e-12,24,25,false,435.501248442
20.1,402,0.05,420,1.0e-12,24,25,false,435.501248442
20.15,403,0.05,420,1.0e-12,24,25,false,435.501248442
20.2,404,0.05,420,1.0e-12,24,25,false,435.501248442
20.25,405,0.05,420,1.0e-12,24,25,false,435.501248442
20.3,406,0.05,420,1.0e-12,24,25,false,435.501248442
20.35,407,0.05,420,1.0e-12,23,25,false,435.501248442
20.4,408,0.05,420,1.0e-12,23,25,false,435.501248442
20.45,409,0.05,420,1.0e-12,23,25,false,435.501248442
20.5,410,0.05,420,1.0e-12,22,25,false,435.501248442
20.55,411,0.05,420,1.0e-12,22,25,false,435.501248442
20.6,412,0.05,420,1.0e-12,20,25,false,435.501248442
20.65,413,0.05,420,1.0e-12,18,25,false,435.501248442
20.7,414,0.05,420,1.0e-12,18,25,false,435.501248442
20.75,415,0.05,420,1.0e-12,17,25,false,435.501248442
20.8,416,0.05,420,1.0e-12,15,25,false,435.501248442
20.85,417,0.05,420,1.0e-12,13,25,false,435.501248442
20.9,418,0.05,420,1.0e-12,11,25,false,435.501248442
20.95,419,0.05,420,1.0e-12,10,25,false,435.501248442
21.0,420,0.05,420,1.0e-12,1,25,false,435.501248442
